/*!40101 SET @OLD_CHARACTER_SET_CLIENT=@@CHARACTER_SET_CLIENT */;
/*!40101 SET NAMES utf8 */;
/*!50503 SET NAMES utf8mb4 */;
/*!40103 SET @OLD_TIME_ZONE=@@TIME_ZONE */;
/*!40103 SET TIME_ZONE='+00:00' */;
/*!40014 SET @OLD_FOREIGN_KEY_CHECKS=@@FOREIGN_KEY_CHECKS, FOREIGN_KEY_CHECKS=0 */;
/*!40101 SET @OLD_SQL_MODE=@@SQL_MODE, SQL_MODE='NO_AUTO_VALUE_ON_ZERO' */;
/*!40111 SET @OLD_SQL_NOTES=@@SQL_NOTES, SQL_NOTES=0 */;

INSERT INTO `academic_calendar_settings` (`id`, `active_school_year_id`, `first_semester_start_month`, `first_semester_end_month`, `second_semester_start_month`, `second_semester_end_month`, `midyear_start_month`, `midyear_end_month`, `created_at`, `updated_at`) VALUES
	(1, 1, 8, 12, 1, 5, NULL, NULL, '2026-03-01 16:48:39', '2026-03-01 16:48:39');

INSERT INTO `academic_semesters` (`id`, `name`, `is_active`, `created_at`, `updated_at`) VALUES
	(1, 'First Semester', 1, '2026-02-28 07:35:53', '2026-03-01 01:33:13'),
	(2, 'Second Semester', 1, '2026-02-28 07:35:53', '2026-02-28 07:35:53');

INSERT INTO `academic_year_levels` (`id`, `name`, `is_active`, `created_at`, `updated_at`) VALUES
	(1, '1st Year', 1, '2026-02-28 07:35:53', '2026-02-28 07:35:53'),
	(2, '2nd Year', 1, '2026-02-28 07:35:53', '2026-02-28 07:35:53'),
	(3, '3rd Year', 1, '2026-02-28 07:35:53', '2026-02-28 07:35:53'),
	(4, '4th Year', 1, '2026-02-28 07:35:53', '2026-02-28 07:35:53');

INSERT INTO `activity_logs` (`id`, `user_id`, `role`, `action`, `description`, `method`, `path`, `route_name`, `status_code`, `meta`, `ip_address`, `user_agent`, `created_at`, `updated_at`) VALUES
	(1, 1, 'admin', 'login', 'User login', NULL, NULL, NULL, NULL, '{"guard":"web","remember":false}', '127.0.0.1', 'Mozilla/5.0 (Windows NT 10.0; Win64; x64) AppleWebKit/537.36 (KHTML, like Gecko) Chrome/145.0.0.0 Safari/537.36', '2026-03-05 22:53:37', '2026-03-05 22:53:37'),
	(2, 1, 'admin', 'request', 'POST login', 'POST', 'login', NULL, 302, NULL, '127.0.0.1', 'Mozilla/5.0 (Windows NT 10.0; Win64; x64) AppleWebKit/537.36 (KHTML, like Gecko) Chrome/145.0.0.0 Safari/537.36', '2026-03-05 22:53:37', '2026-03-05 22:53:37'),
	(3, 95, 'dean', 'logout', 'User logout', NULL, NULL, NULL, NULL, '{"guard":"web"}', '127.0.0.1', 'Mozilla/5.0 (Windows NT 10.0; Win64; x64) AppleWebKit/537.36 (KHTML, like Gecko) Chrome/145.0.0.0 Safari/537.36', '2026-03-05 23:25:36', '2026-03-05 23:25:36'),
	(4, 1, 'admin', 'logout', 'User logout', NULL, NULL, NULL, NULL, '{"guard":"web"}', '127.0.0.1', 'Mozilla/5.0 (Windows NT 10.0; Win64; x64) AppleWebKit/537.36 (KHTML, like Gecko) Chrome/145.0.0.0 Safari/537.36', '2026-03-05 23:54:20', '2026-03-05 23:54:20'),
	(5, 1, 'admin', 'login', 'User login', NULL, NULL, NULL, NULL, '{"guard":"web","remember":false}', '127.0.0.1', 'Mozilla/5.0 (Windows NT 10.0; Win64; x64) AppleWebKit/537.36 (KHTML, like Gecko) Chrome/145.0.0.0 Safari/537.36', '2026-03-05 23:54:29', '2026-03-05 23:54:29'),
	(6, 1, 'admin', 'request', 'POST login', 'POST', 'login', NULL, 302, NULL, '127.0.0.1', 'Mozilla/5.0 (Windows NT 10.0; Win64; x64) AppleWebKit/537.36 (KHTML, like Gecko) Chrome/145.0.0.0 Safari/537.36', '2026-03-05 23:54:29', '2026-03-05 23:54:29'),
	(7, 1, 'registrar', 'request', 'admin.role-switch.start', 'POST', 'admin/role-switch', 'admin.role-switch.start', 302, NULL, '127.0.0.1', 'Mozilla/5.0 (Windows NT 10.0; Win64; x64) AppleWebKit/537.36 (KHTML, like Gecko) Chrome/145.0.0.0 Safari/537.36', '2026-03-06 00:08:19', '2026-03-06 00:08:19'),
	(8, 1, 'admin', 'login', 'User login', NULL, NULL, NULL, NULL, '{"guard":"web","remember":false}', '127.0.0.1', 'Mozilla/5.0 (Windows NT 10.0; Win64; x64) AppleWebKit/537.36 (KHTML, like Gecko) Chrome/145.0.0.0 Safari/537.36 Edg/145.0.0.0', '2026-03-06 03:51:50', '2026-03-06 03:51:50'),
	(9, 1, 'admin', 'request', 'POST login', 'POST', 'login', NULL, 302, NULL, '127.0.0.1', 'Mozilla/5.0 (Windows NT 10.0; Win64; x64) AppleWebKit/537.36 (KHTML, like Gecko) Chrome/145.0.0.0 Safari/537.36 Edg/145.0.0.0', '2026-03-06 03:51:51', '2026-03-06 03:51:51'),
	(10, 1, 'admin', 'login', 'User login', NULL, NULL, NULL, NULL, '{"guard":"web","remember":false}', '127.0.0.1', 'Mozilla/5.0 (Windows NT 10.0; Win64; x64) AppleWebKit/537.36 (KHTML, like Gecko) Chrome/145.0.0.0 Safari/537.36 Edg/145.0.0.0', '2026-03-06 04:30:47', '2026-03-06 04:30:47'),
	(11, 1, 'admin', 'request', 'POST login', 'POST', 'login', NULL, 302, NULL, '127.0.0.1', 'Mozilla/5.0 (Windows NT 10.0; Win64; x64) AppleWebKit/537.36 (KHTML, like Gecko) Chrome/145.0.0.0 Safari/537.36 Edg/145.0.0.0', '2026-03-06 04:30:47', '2026-03-06 04:30:47'),
	(12, 1, 'admin', 'logout', 'User logout', NULL, NULL, NULL, NULL, '{"guard":"web"}', '127.0.0.1', 'Mozilla/5.0 (Windows NT 10.0; Win64; x64) AppleWebKit/537.36 (KHTML, like Gecko) Chrome/145.0.0.0 Safari/537.36 Edg/145.0.0.0', '2026-03-06 04:44:12', '2026-03-06 04:44:12'),
	(13, 1, 'admin', 'login', 'User login', NULL, NULL, NULL, NULL, '{"guard":"web","remember":false}', '127.0.0.1', 'Mozilla/5.0 (Windows NT 10.0; Win64; x64) AppleWebKit/537.36 (KHTML, like Gecko) Chrome/145.0.0.0 Safari/537.36 Edg/145.0.0.0', '2026-03-06 05:04:31', '2026-03-06 05:04:31'),
	(14, 1, 'admin', 'request', 'POST login', 'POST', 'login', NULL, 302, NULL, '127.0.0.1', 'Mozilla/5.0 (Windows NT 10.0; Win64; x64) AppleWebKit/537.36 (KHTML, like Gecko) Chrome/145.0.0.0 Safari/537.36 Edg/145.0.0.0', '2026-03-06 05:04:31', '2026-03-06 05:04:31'),
	(15, 1, 'registrar', 'request', 'admin.role-switch.start', 'POST', 'admin/role-switch', 'admin.role-switch.start', 302, NULL, '127.0.0.1', 'Mozilla/5.0 (Windows NT 10.0; Win64; x64) AppleWebKit/537.36 (KHTML, like Gecko) Chrome/145.0.0.0 Safari/537.36 Edg/145.0.0.0', '2026-03-06 05:04:55', '2026-03-06 05:04:55'),
	(16, 1, 'admin', 'login', 'User login', NULL, NULL, NULL, NULL, '{"guard":"web","remember":false}', '127.0.0.1', 'Mozilla/5.0 (Windows NT 10.0; Win64; x64) AppleWebKit/537.36 (KHTML, like Gecko) Chrome/145.0.0.0 Safari/537.36 Edg/145.0.0.0', '2026-03-06 05:13:43', '2026-03-06 05:13:43'),
	(17, 1, 'admin', 'request', 'POST login', 'POST', 'login', NULL, 302, NULL, '127.0.0.1', 'Mozilla/5.0 (Windows NT 10.0; Win64; x64) AppleWebKit/537.36 (KHTML, like Gecko) Chrome/145.0.0.0 Safari/537.36 Edg/145.0.0.0', '2026-03-06 05:13:43', '2026-03-06 05:13:43'),
	(18, 1, 'admin', 'request', 'admin.system.backup.toggle', 'POST', 'admin/system/backup/toggle', 'admin.system.backup.toggle', 302, NULL, '127.0.0.1', 'Mozilla/5.0 (Windows NT 10.0; Win64; x64) AppleWebKit/537.36 (KHTML, like Gecko) Chrome/145.0.0.0 Safari/537.36 Edg/145.0.0.0', '2026-03-06 05:14:15', '2026-03-06 05:14:15'),
	(19, 1, 'admin', 'request', 'admin.system.backup.toggle', 'POST', 'admin/system/backup/toggle', 'admin.system.backup.toggle', 302, NULL, '127.0.0.1', 'Mozilla/5.0 (Windows NT 10.0; Win64; x64) AppleWebKit/537.36 (KHTML, like Gecko) Chrome/145.0.0.0 Safari/537.36 Edg/145.0.0.0', '2026-03-06 05:15:00', '2026-03-06 05:15:00'),
	(20, 1, 'admin', 'request', 'admin.system.backup.toggle', 'POST', 'admin/system/backup/toggle', 'admin.system.backup.toggle', 302, NULL, '127.0.0.1', 'Mozilla/5.0 (Windows NT 10.0; Win64; x64) AppleWebKit/537.36 (KHTML, like Gecko) Chrome/145.0.0.0 Safari/537.36 Edg/145.0.0.0', '2026-03-06 05:15:01', '2026-03-06 05:15:01'),
	(21, 1, 'admin', 'request', 'set-school-year', 'POST', 'set-school-year', 'set-school-year', 302, NULL, '127.0.0.1', 'Mozilla/5.0 (Windows NT 10.0; Win64; x64) AppleWebKit/537.36 (KHTML, like Gecko) Chrome/145.0.0.0 Safari/537.36 Edg/145.0.0.0', '2026-03-06 05:15:39', '2026-03-06 05:15:39'),
	(22, 1, 'admin', 'request', 'set-school-year', 'POST', 'set-school-year', 'set-school-year', 302, NULL, '127.0.0.1', 'Mozilla/5.0 (Windows NT 10.0; Win64; x64) AppleWebKit/537.36 (KHTML, like Gecko) Chrome/145.0.0.0 Safari/537.36 Edg/145.0.0.0', '2026-03-06 05:15:44', '2026-03-06 05:15:44');


INSERT INTO `audit_logs` (`id`, `actor_user_id`, `actor_role`, `action`, `target_type`, `target_id`, `meta`, `ip_address`, `user_agent`, `created_at`, `updated_at`) VALUES
	(1, 1, 'admin', 'system.backup.toggle', NULL, NULL, '{"enabled":true}', '127.0.0.1', 'Mozilla/5.0 (Windows NT 10.0; Win64; x64) AppleWebKit/537.36 (KHTML, like Gecko) Chrome/145.0.0.0 Safari/537.36 Edg/145.0.0.0', '2026-03-06 05:14:15', '2026-03-06 05:14:15'),
	(2, 1, 'admin', 'system.backup.toggle', NULL, NULL, '{"enabled":false}', '127.0.0.1', 'Mozilla/5.0 (Windows NT 10.0; Win64; x64) AppleWebKit/537.36 (KHTML, like Gecko) Chrome/145.0.0.0 Safari/537.36 Edg/145.0.0.0', '2026-03-06 05:15:00', '2026-03-06 05:15:00'),
	(3, 1, 'admin', 'system.backup.toggle', NULL, NULL, '{"enabled":true}', '127.0.0.1', 'Mozilla/5.0 (Windows NT 10.0; Win64; x64) AppleWebKit/537.36 (KHTML, like Gecko) Chrome/145.0.0.0 Safari/537.36 Edg/145.0.0.0', '2026-03-06 05:15:01', '2026-03-06 05:15:01'),
	(4, 1, 'admin', 'system.backup.download', NULL, NULL, NULL, '127.0.0.1', 'Mozilla/5.0 (Windows NT 10.0; Win64; x64) AppleWebKit/537.36 (KHTML, like Gecko) Chrome/145.0.0.0 Safari/537.36 Edg/145.0.0.0', '2026-03-06 05:15:04', '2026-03-06 05:15:04');

INSERT INTO `blocks` (`id`, `program_id`, `code`, `program`, `major`, `name`, `course_id`, `year_level`, `section_name`, `semester`, `shift`, `gender_group`, `capacity`, `max_capacity`, `current_size`, `school_year_label`, `max_students`, `is_active`, `created_at`, `updated_at`) VALUES
	(1, NULL, 'BEED 3 - 1', 'BEED', NULL, 'BEED 3 - 1', NULL, '3rd Year', '1', 'First Semester', 'day', 'mixed', 50, 50, 1, '2025-2026', 50, 1, '2026-02-27 00:21:27', '2026-02-27 00:21:27'),
	(2, 1, 'BEED 1 - 1', 'Bachelor of Elementary Education', NULL, 'BEED 1 - 1', NULL, '1st Year', NULL, 'First Semester', 'day', 'mixed', 50, 50, 7, '2025-2026', 50, 1, '2026-02-28 12:40:12', '2026-03-04 02:46:16'),
	(3, 1, 'BEED 1 - 2', 'Bachelor of Elementary Education', NULL, 'BEED 1 - 2', NULL, '1st Year', NULL, 'First Semester', 'day', 'mixed', 50, 50, 2, '2025-2026', 50, 1, '2026-02-28 12:40:12', '2026-02-28 12:40:13'),
	(4, 1, 'BEED 1 - 3', 'Bachelor of Elementary Education', NULL, 'BEED 1 - 3', NULL, '1st Year', NULL, 'First Semester', 'day', 'mixed', 50, 50, 2, '2025-2026', 50, 1, '2026-02-28 12:40:12', '2026-02-28 12:40:13'),
	(5, 1, 'BEED 1 - 4', 'Bachelor of Elementary Education', NULL, 'BEED 1 - 4', NULL, '1st Year', NULL, 'First Semester', 'day', 'mixed', 50, 50, 2, '2025-2026', 50, 1, '2026-02-28 12:40:12', '2026-02-28 12:40:13'),
	(6, 1, 'BEED 1 - 5', 'Bachelor of Elementary Education', NULL, 'BEED 1 - 5', NULL, '1st Year', NULL, 'First Semester', 'day', 'mixed', 50, 50, 2, '2025-2026', 50, 1, '2026-02-28 12:40:12', '2026-02-28 12:40:13'),
	(7, 1, 'BEED 1 - 6', 'Bachelor of Elementary Education', NULL, 'BEED 1 - 6', NULL, '1st Year', NULL, 'First Semester', 'day', 'mixed', 50, 50, 2, '2025-2026', 50, 1, '2026-02-28 12:40:12', '2026-02-28 12:40:13'),
	(8, 1, 'BEED 1 - 7', 'Bachelor of Elementary Education', NULL, 'BEED 1 - 7', NULL, '1st Year', NULL, 'First Semester', 'day', 'mixed', 50, 50, 2, '2025-2026', 50, 1, '2026-02-28 12:40:12', '2026-02-28 12:40:13'),
	(9, 1, 'BEED 1 - 8', 'Bachelor of Elementary Education', NULL, 'BEED 1 - 8', NULL, '1st Year', NULL, 'First Semester', 'day', 'mixed', 50, 50, 2, '2025-2026', 50, 1, '2026-02-28 12:40:12', '2026-02-28 12:40:13'),
	(10, 1, 'BEED 1 - 9', 'Bachelor of Elementary Education', NULL, 'BEED 1 - 9', NULL, '1st Year', NULL, 'First Semester', 'day', 'mixed', 50, 50, 2, '2025-2026', 50, 1, '2026-02-28 12:40:12', '2026-02-28 12:40:13'),
	(11, 1, 'BEED 1 - 10', 'Bachelor of Elementary Education', NULL, 'BEED 1 - 10', NULL, '1st Year', NULL, 'First Semester', 'day', 'mixed', 50, 50, 2, '2025-2026', 50, 1, '2026-02-28 12:40:12', '2026-03-02 15:02:49'),
	(12, 1, 'BEED 1 - 11', 'Bachelor of Elementary Education', NULL, 'BEED 1 - 11', NULL, '1st Year', NULL, 'First Semester', 'night', 'mixed', 50, 50, 2, '2025-2026', 50, 1, '2026-02-28 12:40:12', '2026-02-28 12:40:13'),
	(13, 1, 'BEED 1 - 12', 'Bachelor of Elementary Education', NULL, 'BEED 1 - 12', NULL, '1st Year', NULL, 'First Semester', 'night', 'mixed', 50, 50, 2, '2025-2026', 50, 1, '2026-02-28 12:40:12', '2026-02-28 12:40:13'),
	(14, 2, 'ENGLISH 1 - A', 'Bachelor of Secondary Education Major in English', NULL, 'ENGLISH 1 - A', NULL, '1st Year', NULL, 'First Semester', 'day', 'mixed', 50, 50, 2, '2025-2026', 50, 1, '2026-02-28 12:40:12', '2026-02-28 12:40:13'),
	(15, 2, 'ENGLISH 1 - B', 'Bachelor of Secondary Education Major in English', NULL, 'ENGLISH 1 - B', NULL, '1st Year', NULL, 'First Semester', 'day', 'mixed', 50, 50, 2, '2025-2026', 50, 1, '2026-02-28 12:40:12', '2026-02-28 12:40:13'),
	(16, 2, 'ENGLISH 1 - C', 'Bachelor of Secondary Education Major in English', NULL, 'ENGLISH 1 - C', NULL, '1st Year', NULL, 'First Semester', 'day', 'mixed', 50, 50, 2, '2025-2026', 50, 1, '2026-02-28 12:40:12', '2026-02-28 12:40:13'),
	(17, 3, 'FILIPINO 1 - A', 'Bachelor of Secondary Education Major in Filipino', NULL, 'FILIPINO 1 - A', NULL, '1st Year', NULL, 'First Semester', 'day', 'mixed', 50, 50, 2, '2025-2026', 50, 1, '2026-02-28 12:40:12', '2026-02-28 12:40:13'),
	(18, 3, 'FILIPINO 1 - B', 'Bachelor of Secondary Education Major in Filipino', NULL, 'FILIPINO 1 - B', NULL, '1st Year', NULL, 'First Semester', 'day', 'mixed', 50, 50, 2, '2025-2026', 50, 1, '2026-02-28 12:40:12', '2026-02-28 12:40:13'),
	(19, 3, 'FILIPINO 1 - C', 'Bachelor of Secondary Education Major in Filipino', NULL, 'FILIPINO 1 - C', NULL, '1st Year', NULL, 'First Semester', 'day', 'mixed', 50, 50, 2, '2025-2026', 50, 1, '2026-02-28 12:40:12', '2026-02-28 12:40:13'),
	(20, 4, 'MATH 1 - A', 'Bachelor of Secondary Education Major in Mathematics', NULL, 'MATH 1 - A', NULL, '1st Year', NULL, 'First Semester', 'day', 'mixed', 50, 50, 2, '2025-2026', 50, 1, '2026-02-28 12:40:12', '2026-02-28 12:40:13'),
	(21, 4, 'MATH 1 - B', 'Bachelor of Secondary Education Major in Mathematics', NULL, 'MATH 1 - B', NULL, '1st Year', NULL, 'First Semester', 'day', 'mixed', 50, 50, 2, '2025-2026', 50, 1, '2026-02-28 12:40:12', '2026-02-28 12:40:13'),
	(22, 4, 'MATH 1 - C', 'Bachelor of Secondary Education Major in Mathematics', NULL, 'MATH 1 - C', NULL, '1st Year', NULL, 'First Semester', 'day', 'mixed', 50, 50, 2, '2025-2026', 50, 1, '2026-02-28 12:40:12', '2026-02-28 12:40:13'),
	(23, 5, 'SCIENCE 1 - A', 'Bachelor of Secondary Education Major in Science', NULL, 'SCIENCE 1 - A', NULL, '1st Year', NULL, 'First Semester', 'day', 'mixed', 50, 50, 2, '2025-2026', 50, 1, '2026-02-28 12:40:12', '2026-02-28 12:40:13'),
	(24, 5, 'SCIENCE 1 - B', 'Bachelor of Secondary Education Major in Science', NULL, 'SCIENCE 1 - B', NULL, '1st Year', NULL, 'First Semester', 'day', 'mixed', 50, 50, 2, '2025-2026', 50, 1, '2026-02-28 12:40:12', '2026-02-28 12:40:13'),
	(25, 5, 'SCIENCE 1 - C', 'Bachelor of Secondary Education Major in Science', NULL, 'SCIENCE 1 - C', NULL, '1st Year', NULL, 'First Semester', 'day', 'mixed', 50, 50, 2, '2025-2026', 50, 1, '2026-02-28 12:40:12', '2026-02-28 12:40:13'),
	(26, 6, 'BLK 1 - 1', 'Bachelor of Secondary Education Major in Social Studies', NULL, 'BLK 1 - 1', NULL, '1st Year', '1', 'First Semester', 'day', 'mixed', 50, 50, 2, '2025-2026', 50, 1, '2026-02-28 12:40:12', '2026-02-28 12:40:13'),
	(27, 6, 'BLK 1 - 2', 'Bachelor of Secondary Education Major in Social Studies', NULL, 'BLK 1 - 2', NULL, '1st Year', '2', 'First Semester', 'day', 'mixed', 50, 50, 2, '2025-2026', 50, 1, '2026-02-28 12:40:12', '2026-02-28 12:40:13'),
	(28, 6, 'BLK 1 - 3', 'Bachelor of Secondary Education Major in Social Studies', NULL, 'BLK 1 - 3', NULL, '1st Year', '3', 'First Semester', 'day', 'mixed', 50, 50, 2, '2025-2026', 50, 1, '2026-02-28 12:40:13', '2026-02-28 12:40:13'),
	(29, 7, 'BLK 1 - 4', 'Bachelor of Secondary Education Major in Values Education', NULL, 'BLK 1 - 4', NULL, '1st Year', '4', 'First Semester', 'day', 'mixed', 50, 50, 2, '2025-2026', 50, 1, '2026-02-28 12:40:13', '2026-02-28 12:40:13'),
	(30, 7, 'BLK 1 - 5', 'Bachelor of Secondary Education Major in Values Education', NULL, 'BLK 1 - 5', NULL, '1st Year', '5', 'First Semester', 'day', 'mixed', 50, 50, 2, '2025-2026', 50, 1, '2026-02-28 12:40:13', '2026-02-28 12:40:13'),
	(31, 7, 'BLK 1 - 6', 'Bachelor of Secondary Education Major in Values Education', NULL, 'BLK 1 - 6', NULL, '1st Year', '6', 'First Semester', 'day', 'mixed', 50, 50, 2, '2025-2026', 50, 1, '2026-02-28 12:40:13', '2026-02-28 12:40:13'),
	(32, 7, 'BLK 1 - 7', 'Bachelor of Secondary Education Major in Values Education', NULL, 'BLK 1 - 7', NULL, '1st Year', '7', 'First Semester', 'day', 'mixed', 50, 50, 2, '2025-2026', 50, 1, '2026-02-28 12:40:13', '2026-02-28 12:40:13'),
	(33, 7, 'BLK 1 - 8', 'Bachelor of Secondary Education Major in Values Education', NULL, 'BLK 1 - 8', NULL, '1st Year', '8', 'First Semester', 'day', 'mixed', 50, 50, 2, '2025-2026', 50, 1, '2026-02-28 12:40:13', '2026-02-28 12:40:13'),
	(34, 10, 'FSM 1 - A', 'Bachelor of Technical-Vocational Teacher Education Major in Food Service Management', NULL, 'FSM 1 - A', NULL, '1st Year', NULL, 'First Semester', 'day', 'mixed', 50, 50, 2, '2025-2026', 50, 1, '2026-02-28 12:40:13', '2026-02-28 12:40:13'),
	(35, 10, 'FSM 1 - B', 'Bachelor of Technical-Vocational Teacher Education Major in Food Service Management', NULL, 'FSM 1 - B', NULL, '1st Year', NULL, 'First Semester', 'day', 'mixed', 50, 50, 2, '2025-2026', 50, 1, '2026-02-28 12:40:13', '2026-02-28 12:40:13'),
	(36, 10, 'FSM 1 - C', 'Bachelor of Technical-Vocational Teacher Education Major in Food Service Management', NULL, 'FSM 1 - C', NULL, '1st Year', NULL, 'First Semester', 'day', 'mixed', 50, 50, 2, '2025-2026', 50, 1, '2026-02-28 12:40:13', '2026-02-28 12:40:13'),
	(37, 11, 'GFD 1 - A', 'Bachelor of Technical-Vocational Teacher Education Major in Garments Fashion and Design', NULL, 'GFD 1 - A', NULL, '1st Year', NULL, 'First Semester', 'day', 'mixed', 50, 50, 2, '2025-2026', 50, 1, '2026-02-28 12:40:13', '2026-02-28 12:40:13'),
	(38, 11, 'GFD 1 - B', 'Bachelor of Technical-Vocational Teacher Education Major in Garments Fashion and Design', NULL, 'GFD 1 - B', NULL, '1st Year', NULL, 'First Semester', 'day', 'mixed', 50, 50, 2, '2025-2026', 50, 1, '2026-02-28 12:40:13', '2026-02-28 12:40:13'),
	(39, 11, 'GFD 1 - C', 'Bachelor of Technical-Vocational Teacher Education Major in Garments Fashion and Design', NULL, 'GFD 1 - C', NULL, '1st Year', NULL, 'First Semester', 'day', 'mixed', 50, 50, 2, '2025-2026', 50, 1, '2026-02-28 12:40:13', '2026-02-28 12:40:13'),
	(40, 12, 'ENTREP 1 - A', 'Bachelor of Science in Entrepreneurship', NULL, 'ENTREP 1 - A', NULL, '1st Year', NULL, 'First Semester', 'day', 'mixed', 50, 50, 2, '2025-2026', 50, 1, '2026-02-28 12:40:13', '2026-02-28 12:40:13'),
	(41, 12, 'ENTREP 1 - B', 'Bachelor of Science in Entrepreneurship', NULL, 'ENTREP 1 - B', NULL, '1st Year', NULL, 'First Semester', 'day', 'mixed', 50, 50, 2, '2025-2026', 50, 1, '2026-02-28 12:40:13', '2026-02-28 12:40:13'),
	(42, 12, 'ENTREP 1 - C', 'Bachelor of Science in Entrepreneurship', NULL, 'ENTREP 1 - C', NULL, '1st Year', NULL, 'First Semester', 'day', 'mixed', 50, 50, 2, '2025-2026', 50, 1, '2026-02-28 12:40:13', '2026-02-28 12:40:13'),
	(43, 9, 'BCAED 1 - A', 'Bachelor of Culture and Arts Education', NULL, 'BCAED 1 - A', NULL, '1st Year', NULL, 'First Semester', 'day', 'mixed', 50, 50, 2, '2025-2026', 50, 1, '2026-02-28 12:40:13', '2026-03-04 02:46:16'),
	(44, 9, 'BCAED 1 - B', 'Bachelor of Culture and Arts Education', NULL, 'BCAED 1 - B', NULL, '1st Year', NULL, 'First Semester', 'day', 'mixed', 50, 50, 2, '2025-2026', 50, 1, '2026-02-28 12:40:13', '2026-03-04 02:45:47'),
	(45, 9, 'BCAED 1 - C', 'Bachelor of Culture and Arts Education', NULL, 'BCAED 1 - C', NULL, '1st Year', NULL, 'First Semester', 'day', 'mixed', 50, 50, 2, '2025-2026', 50, 1, '2026-02-28 12:40:13', '2026-02-28 12:40:13');


INSERT INTO `block_transfer_logs` (`id`, `student_id`, `from_block_id`, `to_block_id`, `transfer_type`, `initiated_by`, `reason`, `metadata`, `created_at`, `updated_at`) VALUES
	(1, 89, 43, 44, 'manual', 1, NULL, NULL, '2026-02-28 18:40:13', '2026-02-28 18:40:13'),
	(2, 90, 43, 44, 'manual', 1, NULL, NULL, '2026-02-28 18:40:13', '2026-02-28 18:40:13'),
	(3, 89, 44, 43, 'manual', 1, NULL, NULL, '2026-02-28 18:40:30', '2026-02-28 18:40:30'),
	(4, 90, 44, 43, 'manual', 1, NULL, NULL, '2026-02-28 18:40:30', '2026-02-28 18:40:30'),
	(5, 89, 43, 44, 'manual', 1, NULL, NULL, '2026-02-28 18:56:41', '2026-02-28 18:56:41'),
	(6, 90, 43, 44, 'manual', 1, NULL, NULL, '2026-02-28 18:56:41', '2026-02-28 18:56:41'),
	(7, 89, 44, 43, 'manual', 1, NULL, NULL, '2026-02-28 18:56:53', '2026-02-28 18:56:53'),
	(8, 90, 44, 43, 'manual', 1, NULL, NULL, '2026-02-28 18:56:53', '2026-02-28 18:56:53'),
	(9, 89, 43, 44, 'manual', 1, NULL, NULL, '2026-02-28 19:15:41', '2026-02-28 19:15:41'),
	(10, 90, 43, 44, 'manual', 1, NULL, NULL, '2026-02-28 19:15:41', '2026-02-28 19:15:41'),
	(11, 91, 44, 43, 'manual', 1, NULL, NULL, '2026-02-28 19:15:52', '2026-02-28 19:15:52'),
	(12, 92, 44, 43, 'manual', 1, NULL, NULL, '2026-02-28 19:15:52', '2026-02-28 19:15:52'),
	(13, 91, 43, 44, 'manual', 1, NULL, NULL, '2026-03-01 01:31:34', '2026-03-01 01:31:34'),
	(14, 92, 43, 44, 'manual', 1, NULL, NULL, '2026-03-01 01:31:34', '2026-03-01 01:31:34'),
	(15, 89, 44, 43, 'manual', 1, NULL, NULL, '2026-03-01 01:31:59', '2026-03-01 01:31:59'),
	(16, 90, 44, 43, 'manual', 1, NULL, NULL, '2026-03-01 01:31:59', '2026-03-01 01:31:59'),
	(17, 7, 2, 11, 'manual', 1, NULL, NULL, '2026-03-01 07:05:11', '2026-03-01 07:05:11'),
	(18, 8, 2, 11, 'manual', 1, NULL, NULL, '2026-03-01 07:05:11', '2026-03-01 07:05:11'),
	(19, 25, 11, 2, 'manual', 1, NULL, NULL, '2026-03-01 07:05:22', '2026-03-01 07:05:22'),
	(20, 26, 11, 2, 'manual', 1, NULL, NULL, '2026-03-01 07:05:22', '2026-03-01 07:05:22'),
	(23, 89, 43, 2, 'manual', 1, NULL, NULL, '2026-03-01 23:34:56', '2026-03-01 23:34:56'),
	(24, 90, 43, 2, 'manual', 1, NULL, NULL, '2026-03-02 04:39:25', '2026-03-02 04:39:25'),
	(25, 89, 2, 43, 'manual', 1, NULL, NULL, '2026-03-02 04:40:06', '2026-03-02 04:40:06'),
	(26, 90, 2, 43, 'manual', 1, NULL, NULL, '2026-03-02 04:40:06', '2026-03-02 04:40:06'),
	(27, 89, 43, 44, 'manual', 1, NULL, NULL, '2026-03-03 04:01:44', '2026-03-03 04:01:44'),
	(28, 90, 43, 44, 'manual', 1, NULL, NULL, '2026-03-04 02:44:47', '2026-03-04 02:44:47'),
	(29, 90, 44, 43, 'manual', 1, NULL, NULL, '2026-03-04 02:45:07', '2026-03-04 02:45:07'),
	(30, 91, 44, 2, 'manual', 1, NULL, NULL, '2026-03-04 02:45:47', '2026-03-04 02:45:47'),
	(31, 91, 2, 43, 'manual', 1, NULL, NULL, '2026-03-04 02:46:16', '2026-03-04 02:46:16');

INSERT INTO `cache` (`key`, `value`, `expiration`) VALUES
	('laravel-cache-activity_logs:prune_lock', 's:1:"1";', 1772804842),
	('laravel-cache-global_enrollment_active', 'b:0;', 2087883394);



INSERT INTO `cor_scopes` (`id`, `program_id`, `academic_year_level_id`, `semester`, `school_year`, `major`, `created_by`, `created_at`, `updated_at`) VALUES
	(1, 1, 1, 'First Semester', '2025-2026', NULL, 1, '2026-03-02 21:20:13', '2026-03-02 21:20:13'),
	(2, 9, 1, 'First Semester', '2026-2027', NULL, 1, '2026-03-05 07:41:36', '2026-03-05 07:41:36'),
	(3, 1, 1, 'First Semester', '2026-2027', NULL, 1, '2026-03-05 20:34:36', '2026-03-05 20:34:36');


INSERT INTO `cor_scope_subjects` (`id`, `cor_scope_id`, `subject_id`, `created_at`, `updated_at`) VALUES
	(1, 1, 453, '2026-03-02 21:20:13', '2026-03-02 21:20:13'),
	(2, 1, 454, '2026-03-02 21:20:13', '2026-03-02 21:20:13'),
	(3, 1, 455, '2026-03-02 21:20:13', '2026-03-02 21:20:13'),
	(4, 1, 456, '2026-03-02 21:20:13', '2026-03-02 21:20:13'),
	(5, 1, 457, '2026-03-02 21:20:13', '2026-03-02 21:20:13'),
	(6, 1, 458, '2026-03-02 21:20:13', '2026-03-02 21:20:13'),
	(7, 1, 459, '2026-03-02 21:20:13', '2026-03-02 21:20:13'),
	(8, 1, 460, '2026-03-02 21:20:13', '2026-03-02 21:20:13'),
	(9, 1, 452, '2026-03-02 21:20:13', '2026-03-02 21:20:13'),
	(10, 2, 1, '2026-03-05 07:41:36', '2026-03-05 07:41:36'),
	(11, 2, 395, '2026-03-05 07:41:36', '2026-03-05 07:41:36'),
	(12, 2, 396, '2026-03-05 07:41:36', '2026-03-05 07:41:36'),
	(13, 2, 397, '2026-03-05 07:41:36', '2026-03-05 07:41:36'),
	(14, 2, 398, '2026-03-05 07:41:36', '2026-03-05 07:41:36'),
	(15, 2, 399, '2026-03-05 07:41:36', '2026-03-05 07:41:36'),
	(16, 2, 400, '2026-03-05 07:41:36', '2026-03-05 07:41:36'),
	(17, 2, 401, '2026-03-05 07:41:36', '2026-03-05 07:41:36'),
	(18, 2, 402, '2026-03-05 07:41:36', '2026-03-05 07:41:36'),
	(19, 2, 394, '2026-03-05 07:41:36', '2026-03-05 07:41:36'),
	(20, 3, 453, '2026-03-05 20:34:36', '2026-03-05 20:34:36'),
	(21, 3, 454, '2026-03-05 20:34:36', '2026-03-05 20:34:36'),
	(22, 3, 455, '2026-03-05 20:34:36', '2026-03-05 20:34:36'),
	(23, 3, 456, '2026-03-05 20:34:36', '2026-03-05 20:34:36'),
	(24, 3, 457, '2026-03-05 20:34:36', '2026-03-05 20:34:36'),
	(25, 3, 458, '2026-03-05 20:34:36', '2026-03-05 20:34:36'),
	(26, 3, 459, '2026-03-05 20:34:36', '2026-03-05 20:34:36'),
	(27, 3, 460, '2026-03-05 20:34:36', '2026-03-05 20:34:36'),
	(28, 3, 452, '2026-03-05 20:34:36', '2026-03-05 20:34:36');

INSERT INTO `courses` (`id`, `code`, `name`, `block_format`, `is_active`, `created_at`, `updated_at`) VALUES
	(1, 'BEED', 'Bachelor of Elementary Education', 'number', 1, '2026-02-26 18:56:55', '2026-02-26 18:56:55'),
	(2, 'BSED-ENG', 'Bachelor of Secondary Education - English', 'letter', 1, '2026-02-26 18:56:55', '2026-02-26 18:56:55'),
	(3, 'BSED-FIL', 'Bachelor of Secondary Education - Filipino', 'letter', 1, '2026-02-26 18:56:55', '2026-02-26 18:56:55'),
	(4, 'BSED-MATH', 'Bachelor of Secondary Education - Math', 'letter', 1, '2026-02-26 18:56:55', '2026-02-26 18:56:55'),
	(5, 'BSED-SCI', 'Bachelor of Secondary Education - Science', 'letter', 1, '2026-02-26 18:56:55', '2026-02-26 18:56:55'),
	(6, 'BSED-SS', 'Bachelor of Secondary Education - Social Studies', 'letter', 1, '2026-02-26 18:56:55', '2026-02-26 18:56:55'),
	(7, 'BSED-VAL', 'Bachelor of Secondary Education - Values', 'letter', 1, '2026-02-26 18:56:55', '2026-02-26 18:56:55'),
	(8, 'BCA', 'Bachelor of Culture and Arts', 'letter', 1, '2026-02-26 18:56:55', '2026-02-26 18:56:55'),
	(9, 'BPED', 'Bachelor of Physical Education', 'letter', 1, '2026-02-26 18:56:55', '2026-02-26 18:56:55'),
	(10, 'BTVTEd-GFD', 'BTVTEd - Garments Fashion and Design', 'letter', 1, '2026-02-26 18:56:55', '2026-02-26 18:56:55'),
	(11, 'BTVTEd-FSM', 'BTVTEd - Food Service Management', 'letter', 1, '2026-02-26 18:56:55', '2026-02-26 18:56:55'),
	(12, 'ENTREP', 'Entrepreneurship', 'letter', 1, '2026-02-26 18:56:55', '2026-02-26 18:56:55'),
	(13, 'TCP', 'Teacher Certificate Program', 'letter', 1, '2026-02-26 18:56:55', '2026-02-26 18:56:55');

INSERT INTO `departments` (`id`, `name`, `all_professors_all_subjects`, `created_at`, `updated_at`) VALUES
	(1, 'Education', 1, '2026-02-28 20:09:50', '2026-03-02 21:46:38'),
	(2, 'Entrepreneurship', 0, '2026-02-28 20:09:50', '2026-02-28 20:09:50');

INSERT INTO `enrollment_forms` (`id`, `school_year_id`, `title`, `description`, `questions`, `is_active`, `created_at`, `updated_at`, `assigned_year`, `assigned_semester`, `incoming_year_level`, `incoming_semester`) VALUES
	(1, 1, '2nd Year - First Semester 2026-2025', 'Provide the complete information needed in each field. Fields marked with an asterisk (*) are required. This form is PART OF ENROLLMENT PROCEDURE. Filling out this form does not guarantee that you are enrolled.', '[{"id":1,"type":"description","title":"Important Instructions","description":"\\u2022 Use the appropriate format when entering dates, numbers, or names. \\u2022 Double-check your responses before submitting. \\u2022 Save or screenshot the confirmation message for your records. \\u2022 The form will automatically close at a specified time and date."},{"id":2,"type":"section","title":"Student General Information","description":"Please provide your basic information accurately"},{"id":3,"type":"question","questionText":"STUDENT NUMBER (Ex. DComC-2025-0001)","questionType":"short","options":[],"required":true},{"id":4,"type":"question","questionText":"LAST NAME (Ex. GARCIA)","questionType":"short","options":[],"required":true},{"id":5,"type":"question","questionText":"FIRST NAME (Ex. ART JANUS)","questionType":"short","options":[],"required":true},{"id":6,"type":"question","questionText":"MIDDLE NAME (Ex. RA\\u00d1OLA)","questionType":"short","options":[],"required":false},{"id":7,"type":"question","questionText":"GENDER","questionType":"radio","options":["Male","Female"],"required":true},{"id":8,"type":"question","questionText":"CIVIL STATUS","questionType":"radio","options":["Single","Married","Separated","Widowed"],"required":true},{"id":9,"type":"question","questionText":"CITIZENSHIP (Ex. Filipino)","questionType":"short","options":[],"required":true},{"id":10,"type":"question","questionText":"DATE OF BIRTH (Month, day, year)","questionType":"short","options":[],"required":true},{"id":11,"type":"question","questionText":"PLACE OF BIRTH (Ex. Saint Augustine Village, Tanza, Cavite)","questionType":"short","options":[],"required":true},{"id":12,"type":"question","questionText":"CONTACT NUMBER (Ex. 09458046704)","questionType":"short","options":[],"required":true},{"id":13,"type":"section","title":"Address Information","description":"Please provide your complete address"},{"id":14,"type":"question","questionText":"ADDRESS - PUROK\\/ZONE (Ex. Purok 4\\/Zone 4)","questionType":"short","options":[],"required":true},{"id":15,"type":"question","questionText":"ADDRESS - BARANGAY (Ex. Anislag)","questionType":"short","options":[],"required":true},{"id":16,"type":"question","questionText":"ADDRESS - MUNICIPALITY\\/CITY (Ex. Daraga\\/Legazpi City)","questionType":"short","options":[],"required":true},{"id":17,"type":"question","questionText":"ADDRESS - PROVINCE (Ex. Albay)","questionType":"short","options":[],"required":true},{"id":18,"type":"question","questionText":"ADDRESS - ZIPCODE (Ex. 4501)","questionType":"short","options":[],"required":true},{"id":19,"type":"section","title":"Course & Major\\/Block","description":"Select your course and block"},{"id":20,"type":"question","questionText":"COURSE","questionType":"dropdown","options":["Bachelor of Elementary Education","Bachelor of Secondary Education","Bachelor of Culture and Arts Education","Bachelor of Physical Education","Bachelor of Technical-Vocational Teacher Education","Bachelor of Science in Entrepreneurship"],"required":true},{"id":21,"type":"question","questionText":"MAJOR\\/BLOCK","questionType":"dropdown","options":[],"required":true,"majorsByCourse":{"Bachelor of Elementary Education":["BEED 1-1","BEED 1-2","BEED 1-3","BEED 1-4","BEED 1-5","BEED 1-6","BEED 1-9","BEED 1-11 (NIGHT)","BEED 1-12 (NIGHT)"],"Bachelor of Secondary Education":["ENGLISH 1-B","ENGLISH 1-C","FILIPINO 1-A","FILIPINO 1-B","FILIPINO 1-C","MATH 1-A","MATH 1-B","SCIENCE 1-B","SOCIAL STUDIES 1-A","VALUES EDUCATION 1-A","VALUES EDUCATION 1-B","VALUES EDUCATION 1-C"],"Bachelor of Culture and Arts Education":["BCAED 1-A"],"Bachelor of Physical Education":["BPED 1-A","BPED 1-B","BPED 1-C"],"Bachelor of Technical-Vocational Teacher Education":["FSM 1-A","FSM 1-B","GFD 1-A"],"Bachelor of Science in Entrepreneurship":["ENTREP 1-B"]}},{"id":22,"type":"section","title":"Family Information","description":"Please provide your family details"},{"id":23,"type":"question","questionText":"FATHER\'S FULL NAME (Ex. Lawrence Russel Garcia)","questionType":"short","options":[],"required":true},{"id":24,"type":"question","questionText":"FATHER\'S OCCUPATION (Ex. Electrician)","questionType":"short","options":[],"required":true},{"id":25,"type":"question","questionText":"MOTHER\'S MAIDEN NAME (Ex. Klarisse Lona Ra\\u00f1ola)","questionType":"short","options":[],"required":true},{"id":26,"type":"question","questionText":"MOTHER\'S OCCUPATION (Ex. Beautician)","questionType":"short","options":[],"required":true},{"id":27,"type":"question","questionText":"HOUSEHOLD\'S MONTHLY INCOME (Ex. 10,000)","questionType":"short","options":[],"required":true},{"id":28,"type":"question","questionText":"NUMBER OF FAMILY MEMBERS (Ex. 5)","questionType":"short","options":[],"required":true},{"id":29,"type":"question","questionText":"DSWD HOUSEHOLD NO","questionType":"short","options":[],"required":true},{"id":30,"type":"section","title":"Data Privacy Reminder & Consent","description":"Please read carefully before submitting"},{"id":31,"type":"description","title":"DATA PRIVACY REMINDER","description":"Please be assured that all collected information will be treated with the utmost confidentiality and will be used solely for academic and enrollment purposes only. This consent form is in compliance with Republic Act. No. 10173, or the Data Privacy Act of 2012 (DPA). By filling out the form, you are consenting to the processing of your data for the above-stated purpose."},{"id":32,"type":"question","questionText":"I have read and understood the Data Privacy Notice and consent to the processing of my personal data","questionType":"radio","options":["Yes, I consent","No, I do not consent"],"required":true}]', 1, '2026-02-25 01:55:18', '2026-03-01 17:19:13', '1st Year', 'First Semester', '1st Year', 'First Semester');



INSERT INTO `feedback` (`id`, `user_id`, `role`, `subject`, `message`, `priority`, `created_at`, `updated_at`) VALUES
	(1, 1, 'registrar', '', 'error', 4, '2026-03-05 22:08:45', '2026-03-05 22:08:45'),
	(2, 1, 'registrar', '', 'error2', 2, '2026-03-05 22:08:55', '2026-03-05 22:08:55');

INSERT INTO `fees` (`id`, `fee_category_id`, `name`, `amount`, `year_level`, `academic_year_level_id`, `program`, `program_id`, `category`, `is_active`, `sort_order`, `created_at`, `updated_at`) VALUES
	(29, 12, 'Laboratory Fee', 225.00, '1st Year', 1, 'Bachelor of Secondary Education Major in Science', 5, 'Laboratory Fee', 1, NULL, '2026-02-28 08:40:57', '2026-02-28 08:40:57'),
	(30, 12, 'Laboratory Fee', 225.00, '2nd Year', 2, 'Bachelor of Secondary Education Major in Science', 5, 'Laboratory Fee', 1, NULL, '2026-02-28 08:40:57', '2026-02-28 08:40:57'),
	(31, 12, 'Laboratory Fee', 225.00, '3rd Year', 3, 'Bachelor of Secondary Education Major in Science', 5, 'Laboratory Fee', 1, NULL, '2026-02-28 08:40:57', '2026-02-28 08:40:57'),
	(32, 1, 'Tuition', 2760.00, '1st Year', 1, 'Bachelor of Elementary Education', 1, 'Tuition', 1, 0, '2026-02-28 08:40:57', '2026-03-03 08:12:39'),
	(33, 1, 'Tuition', 2760.00, '2nd Year', 2, 'Bachelor of Elementary Education', 1, 'Tuition', 1, NULL, '2026-02-28 08:40:57', '2026-02-28 08:40:57'),
	(34, 1, 'Tuition', 2760.00, '3rd Year', 3, 'Bachelor of Elementary Education', 1, 'Tuition', 1, NULL, '2026-02-28 08:40:57', '2026-02-28 08:40:57'),
	(35, 1, 'Tuition', 720.00, '4th Year', 4, 'Bachelor of Elementary Education', 1, 'Tuition', 1, NULL, '2026-02-28 08:40:57', '2026-02-28 08:40:57'),
	(36, 1, 'Tuition', 2760.00, '1st Year', 1, 'Bachelor of Secondary Education', NULL, 'Tuition', 1, NULL, '2026-02-28 08:40:57', '2026-02-28 08:40:57'),
	(37, 1, 'Tuition', 2760.00, '2nd Year', 2, 'Bachelor of Secondary Education', NULL, 'Tuition', 1, NULL, '2026-02-28 08:40:57', '2026-02-28 08:40:57'),
	(38, 1, 'Tuition', 2760.00, '3rd Year', 3, 'Bachelor of Secondary Education', NULL, 'Tuition', 1, NULL, '2026-02-28 08:40:57', '2026-02-28 08:40:57'),
	(39, 1, 'Tuition', 720.00, '4th Year', 4, 'Bachelor of Secondary Education', NULL, 'Tuition', 1, NULL, '2026-02-28 08:40:57', '2026-02-28 08:40:57'),
	(40, 1, 'Tuition', 2760.00, '1st Year', 1, 'Bachelor of Secondary Education Major in Science', 5, 'Tuition', 1, NULL, '2026-02-28 08:40:57', '2026-02-28 08:40:57'),
	(41, 1, 'Tuition', 2760.00, '2nd Year', 2, 'Bachelor of Secondary Education Major in Science', 5, 'Tuition', 1, NULL, '2026-02-28 08:40:57', '2026-02-28 08:40:57'),
	(42, 1, 'Tuition', 2760.00, '3rd Year', 3, 'Bachelor of Secondary Education Major in Science', 5, 'Tuition', 1, NULL, '2026-02-28 08:40:57', '2026-02-28 08:40:57'),
	(43, 1, 'Tuition', 720.00, '4th Year', 4, 'Bachelor of Secondary Education Major in Science', 5, 'Tuition', 1, NULL, '2026-02-28 08:40:57', '2026-02-28 08:40:57'),
	(44, 1, 'Tuition', 2760.00, '1st Year', 1, 'Bachelor of Culture and Arts Education', 9, 'Tuition', 1, NULL, '2026-02-28 08:40:57', '2026-02-28 08:40:57'),
	(45, 1, 'Tuition', 2760.00, '2nd Year', 2, 'Bachelor of Culture and Arts Education', 9, 'Tuition', 1, NULL, '2026-02-28 08:40:57', '2026-02-28 08:40:57'),
	(46, 1, 'Tuition', 2760.00, '3rd Year', 3, 'Bachelor of Culture and Arts Education', 9, 'Tuition', 1, NULL, '2026-02-28 08:40:57', '2026-02-28 08:40:57'),
	(47, 1, 'Tuition', 720.00, '4th Year', 4, 'Bachelor of Culture and Arts Education', 9, 'Tuition', 1, NULL, '2026-02-28 08:40:57', '2026-02-28 08:40:57'),
	(48, 1, 'Tuition', 2760.00, '1st Year', 1, 'Bachelor of Physical Education', 8, 'Tuition', 1, NULL, '2026-02-28 08:40:57', '2026-02-28 08:40:57'),
	(49, 1, 'Tuition', 2760.00, '2nd Year', 2, 'Bachelor of Physical Education', 8, 'Tuition', 1, NULL, '2026-02-28 08:40:57', '2026-02-28 08:40:57'),
	(50, 1, 'Tuition', 2760.00, '3rd Year', 3, 'Bachelor of Physical Education', 8, 'Tuition', 1, NULL, '2026-02-28 08:40:57', '2026-02-28 08:40:57'),
	(51, 1, 'Tuition', 720.00, '4th Year', 4, 'Bachelor of Physical Education', 8, 'Tuition', 1, NULL, '2026-02-28 08:40:57', '2026-02-28 08:40:57'),
	(52, 1, 'Tuition', 2760.00, '1st Year', 1, 'Bachelor of Technical-Vocational Teacher Education', NULL, 'Tuition', 1, NULL, '2026-02-28 08:40:57', '2026-02-28 08:40:57'),
	(53, 1, 'Tuition', 2760.00, '2nd Year', 2, 'Bachelor of Technical-Vocational Teacher Education', NULL, 'Tuition', 1, NULL, '2026-02-28 08:40:57', '2026-02-28 08:40:57'),
	(54, 1, 'Tuition', 2760.00, '3rd Year', 3, 'Bachelor of Technical-Vocational Teacher Education', NULL, 'Tuition', 1, NULL, '2026-02-28 08:40:57', '2026-02-28 08:40:57'),
	(56, 1, 'Tuition', 2760.00, '1st Year', 1, 'Bachelor of Science in Entrepreneurship', 12, 'Tuition', 1, NULL, '2026-02-28 08:40:57', '2026-02-28 08:40:57'),
	(57, 1, 'Tuition', 2760.00, '2nd Year', 2, 'Bachelor of Science in Entrepreneurship', 12, 'Tuition', 1, NULL, '2026-02-28 08:40:57', '2026-02-28 08:40:57'),
	(58, 1, 'Tuition', 2760.00, '3rd Year', 3, 'Bachelor of Science in Entrepreneurship', 12, 'Tuition', 1, NULL, '2026-02-28 08:40:57', '2026-02-28 08:40:57'),
	(59, 1, 'Tuition', 720.00, '4th Year', 4, 'Bachelor of Science in Entrepreneurship', 12, 'Tuition', 1, NULL, '2026-02-28 08:40:57', '2026-02-28 08:40:57'),
	(60, 2, 'Entrance', 300.00, '1st Year', 1, 'Bachelor of Elementary Education', 1, 'Entrance', 1, 1, '2026-03-02 00:56:51', '2026-03-03 08:12:39'),
	(61, 3, 'Registration', 0.00, '1st Year', 1, 'Bachelor of Elementary Education', 1, 'Registration', 1, 2, '2026-03-02 00:56:51', '2026-03-03 08:12:39'),
	(62, 4, 'Library Fee', 0.00, '1st Year', 1, 'Bachelor of Elementary Education', 1, 'Library Fee', 1, 3, '2026-03-02 00:56:51', '2026-03-03 08:12:39'),
	(63, 5, 'Athletic Fee', 0.00, '1st Year', 1, 'Bachelor of Elementary Education', 1, 'Athletic Fee', 1, 4, '2026-03-02 00:56:51', '2026-03-03 08:12:39'),
	(64, 6, 'Computer Fee', 0.00, '1st Year', 1, 'Bachelor of Elementary Education', 1, 'Computer Fee', 1, 5, '2026-03-02 00:56:51', '2026-03-03 08:12:39'),
	(65, 7, 'Cultural Fee', 0.00, '1st Year', 1, 'Bachelor of Elementary Education', 1, 'Cultural Fee', 1, 6, '2026-03-02 00:56:51', '2026-03-03 08:12:39'),
	(66, 8, 'NSTP FEE', 0.00, '1st Year', 1, 'Bachelor of Elementary Education', 1, 'NSTP FEE', 1, 7, '2026-03-02 00:56:51', '2026-03-03 08:12:39'),
	(67, 12, 'Laboratory Fee', 0.00, '1st Year', 1, 'Bachelor of Elementary Education', 1, 'Laboratory Fee', 1, 8, '2026-03-02 00:56:51', '2026-03-03 08:12:39'),
	(68, 9, 'Medical/Dental Fee', 0.00, '1st Year', 1, 'Bachelor of Elementary Education', 1, 'Medical/Dental Fee', 1, 9, '2026-03-02 00:56:51', '2026-03-03 08:12:39'),
	(69, 10, 'Guidance', 0.00, '1st Year', 1, 'Bachelor of Elementary Education', 1, 'Guidance', 1, 10, '2026-03-02 00:56:51', '2026-03-03 08:12:39'),
	(70, 11, 'Developmental Fee', 0.00, '1st Year', 1, 'Bachelor of Elementary Education', 1, 'Developmental Fee', 1, 11, '2026-03-02 00:56:51', '2026-03-03 08:12:39'),
	(71, 13, 'School ID', 0.00, '1st Year', 1, 'Bachelor of Elementary Education', 1, 'School ID', 1, 12, '2026-03-02 00:56:51', '2026-03-03 08:12:39'),
	(72, 14, 'Handbook', 0.00, '1st Year', 1, 'Bachelor of Elementary Education', 1, 'Handbook', 1, 13, '2026-03-02 00:56:51', '2026-03-03 08:12:39');

INSERT INTO `fee_categories` (`id`, `name`, `sort_order`, `created_at`, `updated_at`) VALUES
	(1, 'Tuition', 1, '2026-02-28 08:32:30', '2026-02-28 08:32:30'),
	(2, 'Entrance', 2, '2026-02-28 08:32:30', '2026-02-28 08:32:30'),
	(3, 'Registration', 3, '2026-02-28 08:32:30', '2026-02-28 08:32:30'),
	(4, 'Library Fee', 4, '2026-02-28 08:32:30', '2026-02-28 08:32:30'),
	(5, 'Athletic Fee', 5, '2026-02-28 08:32:30', '2026-02-28 08:32:30'),
	(6, 'Computer Fee', 6, '2026-02-28 08:32:30', '2026-02-28 08:32:30'),
	(7, 'Cultural Fee', 7, '2026-02-28 08:32:30', '2026-02-28 08:32:30'),
	(8, 'NSTP FEE', 8, '2026-02-28 08:32:30', '2026-02-28 08:32:30'),
	(9, 'Medical/Dental Fee', 9, '2026-02-28 08:32:30', '2026-02-28 08:32:30'),
	(10, 'Guidance', 10, '2026-02-28 08:32:30', '2026-02-28 08:32:30'),
	(11, 'Developmental Fee', 11, '2026-02-28 08:32:30', '2026-02-28 08:32:30'),
	(12, 'Laboratory Fee', 9, '2026-02-28 08:40:57', '2026-02-28 08:40:57'),
	(13, 'School ID', 12, '2026-02-28 08:40:57', '2026-02-28 08:40:57'),
	(14, 'Handbook', 13, '2026-02-28 08:40:57', '2026-02-28 08:40:57'),
	(15, 'test fee', 14, '2026-03-03 07:35:39', '2026-03-03 07:35:39');




INSERT INTO `majors` (`id`, `program`, `name`, `is_active`, `created_at`, `updated_at`) VALUES
	(1, 'Bachelor of Elementary Education', 'General Education', 1, '2026-02-26 22:45:28', '2026-02-26 22:45:28'),
	(2, 'Bachelor of Secondary Education', 'English', 1, '2026-02-26 22:45:28', '2026-02-26 22:45:28'),
	(3, 'Bachelor of Secondary Education', 'Filipino', 1, '2026-02-26 22:45:28', '2026-02-26 22:45:28'),
	(4, 'Bachelor of Secondary Education', 'Mathematics', 1, '2026-02-26 22:45:28', '2026-02-26 22:45:28'),
	(5, 'Bachelor of Secondary Education', 'Science', 1, '2026-02-26 22:45:28', '2026-02-26 22:45:28'),
	(6, 'Bachelor of Secondary Education', 'Social Studies', 1, '2026-02-26 22:45:28', '2026-02-26 22:45:28'),
	(7, 'Bachelor of Secondary Education', 'Values Education', 1, '2026-02-26 22:45:28', '2026-02-26 22:45:28'),
	(8, 'Bachelor of Culture and Arts Education', 'Culture and Arts', 1, '2026-02-26 22:45:28', '2026-02-26 22:45:28'),
	(9, 'Bachelor of Physical Education', 'Physical Education', 1, '2026-02-26 22:45:28', '2026-02-26 22:45:28'),
	(10, 'Bachelor of Technical-Vocational Teacher Education', 'Garments Fashion and Design', 1, '2026-02-26 22:45:28', '2026-02-26 22:45:28'),
	(11, 'Bachelor of Technical-Vocational Teacher Education', 'Food Service Management', 1, '2026-02-26 22:45:28', '2026-02-26 22:45:28'),
	(12, 'Bachelor of Science in Entrepreneurship', 'Entrepreneurship', 1, '2026-02-26 22:45:28', '2026-02-26 22:45:28'),
	(13, 'Teacher Certificate Program', 'Teacher Certificate Program', 1, '2026-02-26 22:45:28', '2026-02-26 22:45:28');

INSERT INTO `migrations` (`id`, `migration`, `batch`) VALUES
	(1, '0001_01_01_000000_create_users_table', 1),
	(2, '0001_01_01_000001_create_cache_table', 1),
	(3, '0001_01_01_000002_create_jobs_table', 1),
	(4, '2026_02_24_231837_create_enrollment_forms_table', 1),
	(5, '2026_02_25_001950_add_target_to_enrollment_forms', 1),
	(6, '2026_02_25_014127_create_form_responses_table', 1),
	(7, '2026_02_25_020357_add_student_info_to_users_table', 1),
	(8, '2026_02_25_023514_add_profile_fields_to_users_table', 1),
	(9, '2026_02_25_033442_add_additional_student_fields_to_users_table', 1),
	(10, '2026_02_25_034837_add_school_id_to_users_table', 1),
	(11, '2026_02_25_040401_change_monthly_income_to_string_in_users_table', 1),
	(12, '2026_02_25_133039_create_school_years_table', 2),
	(13, '2026_02_25_133040_create_academic_semesters_table', 2),
	(14, '2026_02_25_133040_create_academic_year_levels_table', 2),
	(15, '2026_02_25_140146_add_incoming_target_to_enrollment_forms_table', 3),
	(16, '2026_02_25_140146_add_review_status_to_form_responses_table', 3),
	(17, '2026_02_25_220000_add_is_active_to_academic_settings_tables', 4),
	(18, '2026_02_27_000001_add_shift_and_student_type_to_users_table', 5),
	(19, '2026_02_27_000002_create_courses_table', 5),
	(20, '2026_02_27_000003_create_blocks_table', 5),
	(21, '2026_02_27_000004_create_rooms_table', 5),
	(22, '2026_02_27_000005_create_faculty_table', 5),
	(23, '2026_02_27_000006_add_block_id_to_users_table', 5),
	(24, '2026_02_27_000001_create_blocks_table', 6),
	(25, '2026_02_27_000002_create_subjects_table', 6),
	(26, '2026_02_27_000003_create_rooms_table', 6),
	(27, '2026_02_27_000004_create_class_schedules_table', 6),
	(28, '2026_02_27_000005_create_assessments_table', 6),
	(29, '2026_02_27_000006_create_block_change_requests_table', 6),
	(30, '2026_02_27_000007_add_phase1_fields_to_users_table', 6),
	(31, '2026_02_27_000008_add_block_preferences_to_form_responses_table', 7),
	(32, '2026_02_27_000009_add_program_scope_to_users_table', 8),
	(33, '2026_02_27_000010_add_process_status_to_form_responses_table', 9),
	(34, '2026_02_27_000011_create_majors_table_and_add_major_to_users_table', 10),
	(35, '2026_02_27_000012_create_fees_table', 11),
	(36, '2026_02_27_000013_create_schedule_templates_table', 12),
	(37, '2026_02_27_000014_add_major_and_block_to_schedule_templates', 13),
	(38, '2026_02_28_000015_add_school_year_to_schedule_templates', 14),
	(39, '2026_02_28_000016_normalize_academic_data_to_canonical', 15),
	(40, '2026_02_28_000017_create_fee_categories_and_add_year_level_to_fees', 16),
	(41, '2026_02_28_000018_add_program_to_fees_table', 17),
	(42, '2026_02_28_100000_create_programs_table', 18),
	(43, '2026_02_28_100001_subjects_program_id_and_year_level_fk', 18),
	(44, '2026_02_28_100002_add_program_and_year_level_fk_to_schedule_templates', 19),
	(45, '2026_02_28_100003_add_program_and_year_level_fk_to_fees', 20),
	(46, '2026_02_28_100004_create_cor_scopes_tables', 21),
	(47, '2026_02_28_100002_add_prerequisites_to_subjects_table', 22),
	(48, '2026_03_01_000001_advanced_blocks_and_transfer_log', 23),
	(49, '2026_02_26_100000_add_code_to_programs_table', 24),
	(50, '2026_02_26_100001_sync_blocks_program_from_programs', 24),
	(51, '2026_02_26_100002_normalize_users_course_to_program_name', 24),
	(53, '2026_02_26_200000_ensure_canonical_year_semester_on_blocks_and_users', 25),
	(54, '2026_02_26_300000_create_scope_schedule_slots_table', 26),
	(55, '2026_02_26_300001_add_scope_schedule_slots_scope_index', 27),
	(56, '2026_02_27_100000_create_departments_table', 28),
	(57, '2026_02_27_100001_add_department_id_to_programs_table', 28),
	(58, '2026_02_27_100002_add_department_id_to_users_table', 28),
	(59, '2026_02_27_100003_add_department_id_to_rooms_table', 28),
	(60, '2026_02_28_200000_add_department_scope_and_created_by_to_users', 29),
	(61, '2026_02_28_200001_add_department_scope_and_created_by_to_rooms', 29),
	(62, '2026_02_28_200002_backfill_department_scope_from_department_id', 29),
	(63, '2026_02_26_400000_add_is_overload_to_class_schedules', 30),
	(64, '2026_02_26_500000_create_professor_subject_assignments_table', 31),
	(65, '2026_02_26_600000_add_semester_school_year_to_professor_subject_assignments', 32),
	(66, '2026_02_28_200010_add_block_id_and_shift_to_scope_schedule_slots', 33),
	(67, '2026_02_28_200011_create_student_cor_records_table', 34),
	(68, '2026_02_28_200012_add_short_indexes_to_student_cor_records', 34),
	(70, '2026_03_01_100000_normalize_block_codes_to_consistent_format', 35),
	(71, '2026_03_01_200000_create_raw_subjects_and_link_subjects', 36),
	(72, '2026_03_01_210000_make_subject_id_nullable_on_professor_assignments', 37),
	(73, '2026_03_01_220000_add_school_year_to_users_table', 38),
	(74, '2026_03_01_230000_add_first_year_form_fields_to_users_table', 39),
	(75, '2026_03_02_100000_create_academic_calendar_settings_table', 40),
	(76, '2026_03_02_100000_make_student_id_nullable_on_student_cor_records', 41),
	(77, '2026_03_02_200000_add_previous_program_to_users_table', 42),
	(78, '2026_03_02_100000_add_is_overload_to_scope_schedule_slots', 43),
	(79, '2026_03_02_200000_add_all_professors_all_subjects_to_departments', 44),
	(80, '2026_03_02_200001_add_schedule_selection_limit_to_users', 44),
	(81, '2026_03_02_210000_add_professor_id_to_student_cor_records', 45),
	(82, '2026_03_02_220000_make_scope_schedule_slots_time_nullable', 46),
	(83, '2026_03_02_230000_add_cor_source_to_student_cor_records', 47),
	(84, '2026_03_02_240000_create_student_block_assignments_table', 48),
	(85, '2026_03_03_000500_create_staff_feature_access_table', 49),
	(86, '2026_03_03_000600_create_staff_feature_user_accesses_table', 50),
	(87, '2026_03_03_120000_add_reviewed_by_role_to_form_responses_table', 51),
	(88, '2026_03_04_000001_create_unifast_feature_access_table', 52),
	(89, '2026_03_04_000002_create_unifast_feature_user_accesses_table', 52),
	(90, '2026_03_05_000001_add_sort_order_to_fees_table', 53),
	(91, '2026_03_04_120000_create_registrar_feature_access_table', 54),
	(92, '2026_03_05_100000_add_school_year_id_to_enrollment_forms', 55),
	(93, '2026_03_05_100001_backfill_enrollment_forms_school_year_id', 56),
	(94, '2026_03_06_100000_add_and_backfill_blocks_school_year_label', 57),
	(95, '2026_03_05_100000_create_student_subject_completions_table', 58),
	(96, '2026_03_05_120000_sync_school_id_with_email_for_students', 59),
	(97, '2026_03_06_120000_create_feedback_table', 60),
	(98, '2026_03_06_061611_add_subject_to_feedback_table', 61),
	(99, '2026_03_06_062827_create_audit_logs_table', 62),
	(100, '2026_03_06_064720_create_activity_logs_table', 63);


INSERT INTO `professor_subject_assignments` (`id`, `professor_id`, `raw_subject_id`, `subject_id`, `semester`, `school_year`, `created_at`, `updated_at`) VALUES
	(6, 106, 195, 395, NULL, NULL, '2026-03-01 01:27:07', '2026-03-01 01:27:07'),
	(19, 105, 5, NULL, NULL, NULL, '2026-03-02 02:51:18', '2026-03-02 02:51:18'),
	(20, 105, 205, NULL, NULL, NULL, '2026-03-02 02:51:18', '2026-03-02 02:51:18'),
	(21, 105, 219, NULL, NULL, NULL, '2026-03-02 02:51:18', '2026-03-02 02:51:18'),
	(22, 105, 4, NULL, NULL, NULL, '2026-03-02 02:51:18', '2026-03-02 02:51:18'),
	(23, 105, 212, NULL, NULL, NULL, '2026-03-02 02:51:18', '2026-03-02 02:51:18'),
	(24, 105, 195, NULL, NULL, NULL, '2026-03-02 02:51:18', '2026-03-02 02:51:18');

INSERT INTO `programs` (`id`, `department_id`, `program_name`, `code`, `created_at`, `updated_at`) VALUES
	(1, 1, 'Bachelor of Elementary Education', 'BEED', '2026-02-28 09:47:42', '2026-02-28 20:09:50'),
	(2, 1, 'Bachelor of Secondary Education Major in English', 'BSED-ENG', '2026-02-28 09:47:42', '2026-02-28 20:09:50'),
	(3, 1, 'Bachelor of Secondary Education Major in Filipino', 'BSED-FIL', '2026-02-28 09:47:42', '2026-02-28 20:09:50'),
	(4, 1, 'Bachelor of Secondary Education Major in Mathematics', 'BSED-MATH', '2026-02-28 09:47:42', '2026-02-28 20:09:50'),
	(5, 1, 'Bachelor of Secondary Education Major in Science', 'BSED-SCI', '2026-02-28 09:47:42', '2026-02-28 20:09:50'),
	(6, 1, 'Bachelor of Secondary Education Major in Social Studies', 'BSED-SS', '2026-02-28 09:47:42', '2026-02-28 20:09:50'),
	(7, 1, 'Bachelor of Secondary Education Major in Values Education', 'BSED-VE', '2026-02-28 09:47:42', '2026-02-28 20:09:50'),
	(8, 1, 'Bachelor of Physical Education', 'BPED', '2026-02-28 09:47:42', '2026-02-28 20:09:50'),
	(9, 1, 'Bachelor of Culture and Arts Education', 'BCAED', '2026-02-28 09:47:42', '2026-02-28 20:09:50'),
	(10, 1, 'Bachelor of Technical-Vocational Teacher Education Major in Food Service Management', 'BTVTED-FSM', '2026-02-28 09:47:42', '2026-02-28 20:09:50'),
	(11, 1, 'Bachelor of Technical-Vocational Teacher Education Major in Garments Fashion and Design', 'BTVTED-GFD', '2026-02-28 09:47:42', '2026-02-28 20:09:50'),
	(12, 2, 'Bachelor of Science in Entrepreneurship', 'BSE', '2026-02-28 09:47:42', '2026-02-28 20:09:50');

INSERT INTO `raw_subjects` (`id`, `code`, `title`, `units`, `prerequisites`, `is_active`, `created_at`, `updated_at`) VALUES
	(1, '372396', 'test', 3, NULL, 1, '2026-03-01 09:02:11', '2026-03-01 09:02:11'),
	(2, 'Prof Educ 1', 'The Child and Adolescent Learners and Learning Principles', 3, NULL, 1, '2026-03-01 09:02:11', '2026-03-01 09:02:11'),
	(3, 'MC Sci 1', 'Inorganic Chemistry (3hrs Lec & 2 hrs lab)', 5, NULL, 1, '2026-03-01 09:02:11', '2026-03-01 09:02:11'),
	(4, 'GE 1', 'Understanding the Self', 3, NULL, 1, '2026-03-01 09:02:11', '2026-03-01 09:02:11'),
	(5, 'GE 2', 'Readings in the Philippine History', 3, NULL, 1, '2026-03-01 09:02:11', '2026-03-01 09:02:11'),
	(6, 'GE 3', 'The Contemporary World', 3, NULL, 1, '2026-03-01 09:02:11', '2026-03-01 09:02:11'),
	(7, 'GE 4', 'Mathematics in the Modern World', 3, NULL, 1, '2026-03-01 09:02:11', '2026-03-01 09:02:11'),
	(8, 'NSTP 1', 'ROTC/LTS/CWTS', 3, NULL, 1, '2026-03-01 09:02:11', '2026-03-01 09:02:11'),
	(9, 'PATHFIT 1', 'Movement Competency Training', 2, NULL, 1, '2026-03-01 09:02:11', '2026-03-01 09:02:11'),
	(10, 'Prof Educ 2', 'Foundation of Special and Inclusive Education', 3, NULL, 1, '2026-03-01 09:02:11', '2026-03-01 09:02:11'),
	(11, 'MC Sci 2', 'Organic Chemistry (3hrs Lec & 2 hrs lab)', 5, NULL, 1, '2026-03-01 09:02:11', '2026-03-01 09:02:11'),
	(12, 'MC Sci 4', 'Fluid Mechanics', 3, NULL, 1, '2026-03-01 09:02:11', '2026-03-01 09:02:11'),
	(13, 'GE 5', 'Purposive Communication', 3, NULL, 1, '2026-03-01 09:02:11', '2026-03-01 09:02:11'),
	(14, 'GE 6', 'Art Appreciation', 3, NULL, 1, '2026-03-01 09:02:11', '2026-03-01 09:02:11'),
	(15, 'GE 7', 'Science, Technology and Society', 3, NULL, 1, '2026-03-01 09:02:11', '2026-03-01 09:02:11'),
	(16, 'NSTP 2', 'ROTC/LTS/CWTS', 3, 'NSTP 1', 1, '2026-03-01 09:02:11', '2026-03-01 09:02:11'),
	(17, 'PATHFIT 2', 'Exercise-Based Fitness Activities', 2, 'PATHFIT 1', 1, '2026-03-01 09:02:11', '2026-03-01 09:02:11'),
	(18, 'Prof Educ 3', 'The Teaching Profession', 3, NULL, 1, '2026-03-01 09:02:11', '2026-03-01 09:02:11'),
	(19, 'MC Sci 3', 'Biochemistry', 3, NULL, 1, '2026-03-01 09:02:11', '2026-03-01 09:02:11'),
	(20, 'MC Sci 5', 'Genetics (3hrs lec. & 1hr. lab)', 4, NULL, 1, '2026-03-01 09:02:11', '2026-03-01 09:02:11'),
	(21, 'MC Sci 6', 'Thermodynamics (3hrs lec. & 1hr. lab)', 4, NULL, 1, '2026-03-01 09:02:11', '2026-03-01 09:02:11'),
	(22, 'GE 8', 'Ethics', 3, NULL, 1, '2026-03-01 09:02:11', '2026-03-01 09:02:11'),
	(23, 'GE 9', 'The Life and Works of Rizal', 3, NULL, 1, '2026-03-01 09:02:11', '2026-03-01 09:02:11'),
	(24, 'GE ELEC 1', 'The Entrepreneurial Mind', 3, NULL, 1, '2026-03-01 09:02:11', '2026-03-01 09:02:11'),
	(25, 'PATHFIT 3', 'Sports', 2, 'PATHFIT 2', 1, '2026-03-01 09:02:11', '2026-03-01 09:02:11'),
	(26, 'Prof Educ 4', 'The Teacher and the School Curriculum', 3, NULL, 1, '2026-03-01 09:02:11', '2026-03-01 09:02:11'),
	(27, 'Prof Educ 5', 'The Teacher and the Community, School Culture, and Organizational Leadership', 3, NULL, 1, '2026-03-01 09:02:11', '2026-03-01 09:02:11'),
	(28, 'MC Sci 7', 'Earth Science', 3, NULL, 1, '2026-03-01 09:02:11', '2026-03-01 09:02:11'),
	(29, 'MC Sci 8', 'Cell and Molecular Biology (3hrs lec. & 1hr. lab)', 4, NULL, 1, '2026-03-01 09:02:11', '2026-03-01 09:02:11'),
	(30, 'MC Sci 9', 'Electricity and Magnetism (3hrs lec. & 1hr. lab)', 4, NULL, 1, '2026-03-01 09:02:11', '2026-03-01 09:02:11'),
	(31, 'GE ELEC 2', 'Philippine Popular Culture', 3, NULL, 1, '2026-03-01 09:02:11', '2026-03-01 09:02:11'),
	(32, 'GE ELEC 3', 'Living in the IT Era', 3, NULL, 1, '2026-03-01 09:02:11', '2026-03-01 09:02:11'),
	(33, 'PATHFIT 4', 'Dance', 2, 'PATHFIT 3', 1, '2026-03-01 09:02:11', '2026-03-01 09:02:11'),
	(34, 'Prof Educ 6', 'Facilitating Learner-Centered Teaching', 3, NULL, 1, '2026-03-01 09:02:11', '2026-03-01 09:02:11'),
	(35, 'Prof Educ 7', 'Technology for Teaching and Learning 1', 3, NULL, 1, '2026-03-01 09:02:11', '2026-03-01 09:02:11'),
	(36, 'Prof Educ 8', 'Assessment in Learning 1', 3, NULL, 1, '2026-03-01 09:02:11', '2026-03-01 09:02:11'),
	(37, 'MC Sci 10', 'Environmental Science', 3, NULL, 1, '2026-03-01 09:02:11', '2026-03-01 09:02:11'),
	(38, 'MC Sci 11', 'Analytical Chemistry (3hrs lec. & 2hrs. lab)', 5, NULL, 1, '2026-03-01 09:02:11', '2026-03-01 09:02:11'),
	(39, 'MC Sci 12', 'Waves and Optics (3hrs lec. & 1hr. lab)', 4, NULL, 1, '2026-03-01 09:02:11', '2026-03-01 09:02:11'),
	(40, 'MC Sci 13', 'Anatomy and Physiology (3hrs lec. & 1hr. lab)', 4, NULL, 1, '2026-03-01 09:02:11', '2026-03-01 09:02:11'),
	(41, 'MC Sci 15', 'Research in Teaching Science 1', 3, NULL, 1, '2026-03-01 09:02:11', '2026-03-01 09:02:11'),
	(42, 'Prof Educ 9', 'Assessment in Learning 2', 3, NULL, 1, '2026-03-01 09:02:11', '2026-03-01 09:02:11'),
	(43, 'Prof Educ 10', 'Building and Enhancing New Literacies Across the Curriculum', 3, NULL, 1, '2026-03-01 09:02:11', '2026-03-01 09:02:11'),
	(44, 'MC Sci 17', 'Meteorology', 3, NULL, 1, '2026-03-01 09:02:11', '2026-03-01 09:02:11'),
	(45, 'MC Sci 16', 'Research in Teaching Science 2', 3, 'MC Sci 15', 1, '2026-03-01 09:02:11', '2026-03-01 09:02:11'),
	(46, 'MC Sci 14', 'Technology for Teaching and Learning Science (Technology Application in Science Teaching)', 3, 'Prof Educ 7', 1, '2026-03-01 09:02:11', '2026-03-01 09:02:11'),
	(47, 'MC Sci 18', 'Astronomy', 3, NULL, 1, '2026-03-01 09:02:11', '2026-03-01 09:02:11'),
	(48, 'MC Sci 19', 'Microbiology & Parasitology (3hrs lec. & 1hr. lab)', 4, NULL, 1, '2026-03-01 09:02:11', '2026-03-01 09:02:11'),
	(49, 'MC Sci 20', 'Modern Physics', 3, NULL, 1, '2026-03-01 09:02:11', '2026-03-01 09:02:11'),
	(50, 'MC Sci 21', 'The Teaching of Science (Teaching the Specialized Field)', 3, NULL, 1, '2026-03-01 09:02:11', '2026-03-01 09:02:11'),
	(51, 'Prof Educ 11', 'Field Study 1: Observations of Teaching - Learning in Actual School Environment', 3, 'All GE, All Prof Ed, & All Major Subjects', 1, '2026-03-01 09:02:11', '2026-03-01 09:02:11'),
	(52, 'Prof Educ 12', 'Field Study 2: Participation and Teaching Assistantship', 3, 'All GE, All Prof Ed, & All Major Subjects', 1, '2026-03-01 09:02:11', '2026-03-01 09:02:11'),
	(53, 'Review 1', 'Enrichment Class (Major Subjects and General Subjects)', 6, 'All GE, All Prof Ed, & All Major Subjects', 1, '2026-03-01 09:02:11', '2026-03-01 09:02:11'),
	(54, 'Prof Educ 13', 'Field Study 3: The Teaching Internship', 6, 'All GE, All Prof Ed, & All Major Subjects', 1, '2026-03-01 09:02:11', '2026-03-01 09:02:11'),
	(55, 'Review 2', 'Enrichment Class (Professional Education Subjects)', 6, 'All GE, All Prof Ed, & All Major Subjects', 1, '2026-03-01 09:02:11', '2026-03-01 09:02:11'),
	(56, 'MC VED 01', 'Foundation of Values Education', 3, NULL, 1, '2026-03-01 09:02:11', '2026-03-01 09:02:11'),
	(57, 'MC VED 02', 'Psychological Theories of Values Development', 3, NULL, 1, '2026-03-01 09:02:11', '2026-03-01 09:02:11'),
	(58, 'MC VED 03', 'Dynamics of Intra and Interpersonal Relations', 3, NULL, 1, '2026-03-01 09:02:11', '2026-03-01 09:02:11'),
	(59, 'MC VED 04', 'Contemporary Family Life', 3, NULL, 1, '2026-03-01 09:02:11', '2026-03-01 09:02:11'),
	(60, 'MC VED 05', 'Philosophical and Ethical Foundation of Values Education', 3, NULL, 1, '2026-03-01 09:02:11', '2026-03-01 09:02:11'),
	(61, 'MC VED 06', 'Filipino Values System', 3, NULL, 1, '2026-03-01 09:02:11', '2026-03-01 09:02:11'),
	(62, 'MC VED 07', 'Moral Issues and Concerns in Contemporary Living', 3, NULL, 1, '2026-03-01 09:02:11', '2026-03-01 09:02:11'),
	(63, 'MC VED 10', 'Development of Values Education Instructional Materials and Assessment Tools', 3, NULL, 1, '2026-03-01 09:02:11', '2026-03-01 09:02:11'),
	(64, 'MC VED 11', 'Psycho-Spiritual Development', 3, NULL, 1, '2026-03-01 09:02:11', '2026-03-01 09:02:11'),
	(65, 'MC VED 08', 'Career Development and Work Values', 3, NULL, 1, '2026-03-01 09:02:11', '2026-03-01 09:02:11'),
	(66, 'MC VED 09', 'Introduction to Guidance and Counseling', 3, NULL, 1, '2026-03-01 09:02:11', '2026-03-01 09:02:11'),
	(67, 'MC VED 12', 'Teaching Approaches and Strategies in Values Education', 3, NULL, 1, '2026-03-01 09:02:11', '2026-03-01 09:02:11'),
	(68, 'ML VEU 13', 'Facilitation: Theory and Practice', 3, NULL, 1, '2026-03-01 09:02:11', '2026-03-01 09:02:11'),
	(69, 'MC VED 14', 'Information Technology and Human Development', 3, NULL, 1, '2026-03-01 09:02:11', '2026-03-01 09:02:11'),
	(70, 'MC VED 15', 'Values Integration in the Various Discipline', 3, NULL, 1, '2026-03-01 09:02:11', '2026-03-01 09:02:11'),
	(71, 'MC VED 16', 'Research in Values Education 1', 3, NULL, 1, '2026-03-01 09:02:11', '2026-03-01 09:02:11'),
	(72, 'MC VED 18', 'Philippine Culture and the Society', 3, NULL, 1, '2026-03-01 09:02:11', '2026-03-01 09:02:11'),
	(73, 'MC VED 19', 'Transformative Education', 3, NULL, 1, '2026-03-01 09:02:11', '2026-03-01 09:02:11'),
	(74, 'ML VEU 20', 'Values Fruition through Community Service', 3, NULL, 1, '2026-03-01 09:02:11', '2026-03-01 09:02:11'),
	(75, 'MC VED 21', 'Technology for Teaching and Learning 2 (Religious and Values Education)', 3, 'Prof Educ 7', 1, '2026-03-01 09:02:11', '2026-03-01 09:02:11'),
	(76, 'MC VED 17', 'Research in Values Education 2', 3, 'MC VED 16', 1, '2026-03-01 09:02:11', '2026-03-01 09:02:11'),
	(77, 'MC SocStud 1', 'Geography 1 (Human Geography)', 3, NULL, 1, '2026-03-01 09:02:11', '2026-03-01 09:02:11'),
	(78, 'MC SocStud 2', 'Geography 2 (Physical Geography)', 3, 'MC SocStud 1', 1, '2026-03-01 09:02:11', '2026-03-01 09:02:11'),
	(79, 'MC SocStud 3', 'Geography 3 (Urban Geography)', 3, NULL, 1, '2026-03-01 09:02:11', '2026-03-01 09:02:11'),
	(80, 'MC SocStud 4', 'Foundation of Social Studies', 3, NULL, 1, '2026-03-01 09:02:11', '2026-03-01 09:02:11'),
	(81, 'MC SocStud 5', 'Asian Studies', 3, NULL, 1, '2026-03-01 09:02:11', '2026-03-01 09:02:11'),
	(82, 'MC SocStud 6', 'Socio-cultural Anthropology', 3, NULL, 1, '2026-03-01 09:02:11', '2026-03-01 09:02:11'),
	(83, 'MC SocStud 7', 'Microeconomics', 3, NULL, 1, '2026-03-01 09:02:11', '2026-03-01 09:02:11'),
	(84, 'MC SocStud 8', 'Macroeconomics', 3, 'MC SocStud 7', 1, '2026-03-01 09:02:11', '2026-03-01 09:02:11'),
	(85, 'MC SocStud 9', 'Law-related Studies', 3, NULL, 1, '2026-03-01 09:02:11', '2026-03-01 09:02:11'),
	(86, 'MC SocStud 10', 'Comparative Government and Politics', 3, NULL, 1, '2026-03-01 09:02:11', '2026-03-01 09:02:11'),
	(87, 'MC SocStud 11', 'Comparative Economic Planning', 3, NULL, 1, '2026-03-01 09:02:11', '2026-03-01 09:02:11'),
	(88, 'MC SocStud 12', 'Trends and Issues in Social Studies', 3, NULL, 1, '2026-03-01 09:02:11', '2026-03-01 09:02:11'),
	(89, 'MC SocStud 13', 'World History 1', 3, NULL, 1, '2026-03-01 09:02:11', '2026-03-01 09:02:11'),
	(90, 'MC SocStud 14', 'World History 2', 3, NULL, 1, '2026-03-01 09:02:11', '2026-03-01 09:02:11'),
	(91, 'MC SocStud 15', 'Places and Landscapes in a Changing World', 3, NULL, 1, '2026-03-01 09:02:11', '2026-03-01 09:02:11'),
	(92, 'MC SocStud 16', 'Assessment and Evaluation in Social Sciences', 3, NULL, 1, '2026-03-01 09:02:11', '2026-03-01 09:02:11'),
	(93, 'MC SocStud 17', 'Research in Social Studies', 3, NULL, 1, '2026-03-01 09:02:11', '2026-03-01 09:02:11'),
	(94, 'MC SocStud 18', 'Human Resource Management', 3, NULL, 1, '2026-03-01 09:02:11', '2026-03-01 09:02:11'),
	(95, 'MC SocStud 24', 'Research in Social Studies 2', 3, 'MC SocStud 17', 1, '2026-03-01 09:02:11', '2026-03-01 09:02:11'),
	(96, 'MC SocStud 19', 'Integrative Methods in Teaching Social Science Discipline in Basic Education', 3, NULL, 1, '2026-03-01 09:02:11', '2026-03-01 09:02:11'),
	(97, 'MC SocStud 20', 'Production of Social Studies Instructional Materials', 3, NULL, 1, '2026-03-01 09:02:11', '2026-03-01 09:02:11'),
	(98, 'MC SocStud 21', 'Technology for Teaching and Learning 2', 3, 'Prof Educ 7', 1, '2026-03-01 09:02:11', '2026-03-01 09:02:11'),
	(99, 'MC SocStud 22', 'Teaching Approaches in Secondary Social Studies', 3, NULL, 1, '2026-03-01 09:02:11', '2026-03-01 09:02:11'),
	(100, 'MC SocStud 23', 'Property and Management for Educators', 3, NULL, 1, '2026-03-01 09:02:11', '2026-03-01 09:02:11'),
	(101, 'MC Math 1', 'History of Mathematics', 3, NULL, 1, '2026-03-01 09:02:11', '2026-03-01 09:02:11'),
	(102, 'MC Math 2', 'College and Advanced Algebra', 3, NULL, 1, '2026-03-01 09:02:11', '2026-03-01 09:02:11'),
	(103, 'MC Math 3', 'Mathematics of Investment', 3, 'MC Math 2', 1, '2026-03-01 09:02:11', '2026-03-01 09:02:11'),
	(104, 'MC Math 4', 'Trigonometry', 3, 'MC Math 2', 1, '2026-03-01 09:02:11', '2026-03-01 09:02:11'),
	(105, 'MC Math 5', 'Plane and Solid Geometry', 3, 'MC Math 2', 1, '2026-03-01 09:02:11', '2026-03-01 09:02:11'),
	(106, 'MC Math 6', 'Logic and Set Theory', 3, 'MC Math 2', 1, '2026-03-01 09:02:11', '2026-03-01 09:02:11'),
	(107, 'MC Math 7', 'Linear Algebra', 3, 'MC Math 2', 1, '2026-03-01 09:02:11', '2026-03-01 09:02:11'),
	(108, 'MC Math 8', 'Elementary Statistics and Probability', 3, 'MC Math 2', 1, '2026-03-01 09:02:11', '2026-03-01 09:02:11'),
	(109, 'MC Math 10', 'Calculus 1 with Analytic Geometry', 4, 'MC Math 2, 4, & 5', 1, '2026-03-01 09:02:11', '2026-03-01 09:02:11'),
	(110, 'MC Math 14', 'Modern Geometry', 3, 'MC Math 2, 4, & 5', 1, '2026-03-01 09:02:11', '2026-03-01 09:02:11'),
	(111, 'MC Math 15', 'Technology for Teaching and Learning 2 (Instrumentation and Technology in Mathematics)', 3, NULL, 1, '2026-03-01 09:02:11', '2026-03-01 09:02:11'),
	(112, 'MC Math 11', 'Calculus 2', 4, 'MC Math 10', 1, '2026-03-01 09:02:11', '2026-03-01 09:02:11'),
	(113, 'MC Math 13', 'Number Theory', 3, 'MC Math 1, 6', 1, '2026-03-01 09:02:11', '2026-03-01 09:02:11'),
	(114, 'MC Math 19', 'Advanced Statistics', 3, 'MC Math 8', 1, '2026-03-01 09:02:11', '2026-03-01 09:02:11'),
	(115, 'MC Math 16', 'Research in Mathematics 1', 3, NULL, 1, '2026-03-01 09:02:11', '2026-03-01 09:02:11'),
	(116, 'MC Math 20', 'Assessment and Evaluation in Mathematics', 3, NULL, 1, '2026-03-01 09:02:11', '2026-03-01 09:02:11'),
	(117, 'MC Math 12', 'Calculus 3', 3, 'MC Math 11', 1, '2026-03-01 09:02:11', '2026-03-01 09:02:11'),
	(118, 'MC Math 17', 'Research in Mathematics 2', 3, 'MC Math 16', 1, '2026-03-01 09:02:11', '2026-03-01 09:02:11'),
	(119, 'MC Math 18', 'Problem-Solving, Mathematical Investigations, and Modelling', 3, 'MC Math 2, 5 & 6', 1, '2026-03-01 09:02:11', '2026-03-01 09:02:11'),
	(120, 'MC Math 22', 'Principles and Strategies of Mathematics Teaching', 3, NULL, 1, '2026-03-01 09:02:11', '2026-03-01 09:02:11'),
	(121, 'MC Math 21', 'Abstract Algebra', 3, 'MC Math 6, 7 & 13', 1, '2026-03-01 09:02:11', '2026-03-01 09:02:11'),
	(122, 'MC FIL 1', 'Introduksyon sa Pag-aaral ng Wika', 3, NULL, 1, '2026-03-01 09:02:11', '2026-03-01 09:02:11'),
	(123, 'MC FIL 2', 'Panimulang Linggwistika', 3, NULL, 1, '2026-03-01 09:02:11', '2026-03-01 09:02:11'),
	(124, 'MC FIL 3', 'Panitikan ng Rehiyon', 3, NULL, 1, '2026-03-01 09:02:11', '2026-03-01 09:02:11'),
	(125, 'MC FIL 4', 'Estruktura ng Wikang Filipino', 3, 'MC FIL 1 & 2', 1, '2026-03-01 09:02:11', '2026-03-01 09:02:11'),
	(126, 'MC FIL 5', 'Barayti at Baryasyon ng Wika', 3, 'MC FIL 1', 1, '2026-03-01 09:02:11', '2026-03-01 09:02:11'),
	(127, 'MC FIL 6', 'Sanaysay at Talumpati', 3, 'MC FIL 4', 1, '2026-03-01 09:02:11', '2026-03-01 09:02:11'),
	(128, 'MC FIL 7', 'Ang Filipino sa Kurikulum ng Batayang Edukasyon', 3, 'MC FIL 5 & 6', 1, '2026-03-01 09:02:11', '2026-03-01 09:02:11'),
	(129, 'MC FIL 8', 'Pagtuturo at Pagtataya ng Makrong Kasanayang Pangwika', 3, 'MC FIL 5', 1, '2026-03-01 09:02:11', '2026-03-01 09:02:11'),
	(130, 'MC FIL 9', 'Paghahanda at Ebalwasyon ng Kagamitang Panturo', 3, NULL, 1, '2026-03-01 09:02:11', '2026-03-01 09:02:11'),
	(131, 'MC FIL 10', 'Maikling Kuwento at Nobelang Filipino', 3, 'MC FIL 6', 1, '2026-03-01 09:02:11', '2026-03-01 09:02:11'),
	(132, 'MC FIL 11', 'Dulaang Filipino', 3, 'MC FIL 8', 1, '2026-03-01 09:02:11', '2026-03-01 09:02:11'),
	(133, 'MC FIL 12', 'Panulaang Filipino', 3, 'MC FIL 8', 1, '2026-03-01 09:02:11', '2026-03-01 09:02:11'),
	(134, 'MC FIL Elec 1', 'Filipino para sa Natatanging Gamit', 3, NULL, 1, '2026-03-01 09:02:11', '2026-03-01 09:02:11'),
	(135, 'MC FIL 13', 'Mga Natatanging Diskurso sa Wika at Panitikan', 3, 'MC FIL 10, 11, & 12', 1, '2026-03-01 09:02:11', '2026-03-01 09:02:11'),
	(136, 'MC FIL 14', 'Panunuring Pampanitikan', 3, 'MC FIL 10, 11, & 12', 1, '2026-03-01 09:02:11', '2026-03-01 09:02:11'),
	(137, 'MC FIL 15', 'Introduksyon sa Pagsasalin', 3, 'MC FIL 4 & 5', 1, '2026-03-01 09:02:11', '2026-03-01 09:02:11'),
	(138, 'MC FIL 16', 'Kulturang Popular', 3, NULL, 1, '2026-03-01 09:02:11', '2026-03-01 09:02:11'),
	(139, 'MC FIL 17', 'Pananaliksik sa Filipino 1', 3, NULL, 1, '2026-03-01 09:02:11', '2026-03-01 09:02:11'),
	(140, 'MC FIL 18', 'Pananaliksik sa Filipino 2', 3, 'MC FIL 17', 1, '2026-03-01 09:02:11', '2026-03-01 09:02:11'),
	(141, 'MC FIL 19', 'Paggamit ng Teknolohiya sa Pagtuturo ng Filipino', 3, 'Prof Educ 7', 1, '2026-03-01 09:02:11', '2026-03-01 09:02:11'),
	(142, 'MC FIL 20', 'Ugnayan ng Wika, Kultura at Lipunan', 3, 'MC FIL 13', 1, '2026-03-01 09:02:11', '2026-03-01 09:02:11'),
	(143, 'MC FIL 21', 'Introduksyon sa Pamamahayag', 3, 'MC FIL 13', 1, '2026-03-01 09:02:11', '2026-03-01 09:02:11'),
	(144, 'MC FIL Elec 2', 'Malikhaling Pagsulat', 3, NULL, 1, '2026-03-01 09:02:11', '2026-03-01 09:02:11'),
	(145, 'MC FIL 22', 'Introduksyon sa Pananaliksik-Wika at Panitikan', 3, NULL, 1, '2026-03-01 09:02:11', '2026-03-01 09:02:11'),
	(146, 'MC ENG 1', 'Introduction to Linguistics', 3, NULL, 1, '2026-03-01 09:02:11', '2026-03-01 09:02:11'),
	(147, 'MC ENG 2', 'Language, Culture, and Society', 3, 'MC ENG 1', 1, '2026-03-01 09:02:11', '2026-03-01 09:02:11'),
	(148, 'MC ENG 3', 'Structure of English', 3, 'MC ENG 1', 1, '2026-03-01 09:02:11', '2026-03-01 09:02:11'),
	(149, 'MC ENG 4', 'Principles and Theories of Language Acquisition and Learning', 3, 'MC ENG 2', 1, '2026-03-01 09:02:11', '2026-03-01 09:02:11'),
	(150, 'MC ENG 5', 'Teaching and Assessment of the Macro Skills', 3, 'MC ENG 2', 1, '2026-03-01 09:02:11', '2026-03-01 09:02:11'),
	(151, 'MC ENG 6', 'Speech and Theatre Arts', 3, 'MC ENG 3', 1, '2026-03-01 09:02:11', '2026-03-01 09:02:11'),
	(152, 'MC ENG 7', 'Teaching and Assessment of Grammar', 3, 'MC ENG 3', 1, '2026-03-01 09:02:11', '2026-03-01 09:02:11'),
	(153, 'MC ENG COGN 1', 'Creative Writing', 3, NULL, 1, '2026-03-01 09:02:11', '2026-03-01 09:02:11'),
	(154, 'MC ENG 8', 'Mythology and Folklore', 3, 'MC ENG 2', 1, '2026-03-01 09:02:11', '2026-03-01 09:02:11'),
	(155, 'MC ENG 9', 'Technical Writing', 3, 'MC ENG 3', 1, '2026-03-01 09:02:11', '2026-03-01 09:02:11'),
	(156, 'MC ENG 10', 'Language Programs and Policies in Multilingual Societies', 3, 'MC ENG 4', 1, '2026-03-01 09:02:11', '2026-03-01 09:02:11'),
	(157, 'MC ENG 11', 'Preparation of Language Learning Materials Development', 3, 'MC ENG 4', 1, '2026-03-01 09:02:11', '2026-03-01 09:02:11'),
	(158, 'MC ENG 12', 'Language Education Research', 3, 'MC ENG 4', 1, '2026-03-01 09:02:11', '2026-03-01 09:02:11'),
	(159, 'MC ENG 13', 'Children and Adolescent Literature', 3, 'MC ENG 4', 1, '2026-03-01 09:02:11', '2026-03-01 09:02:11'),
	(160, 'MC ENG COGN 2', 'Stylistics and Discourse Analysis', 3, NULL, 1, '2026-03-01 09:02:11', '2026-03-01 09:02:11'),
	(161, 'MC ENG 14', 'Survey of Philippine Literature in English', 3, 'MC ENG 13', 1, '2026-03-01 09:02:11', '2026-03-01 09:02:11'),
	(162, 'MC ENG 15', 'Survey of Afro-Asian Literature', 3, 'MC ENG 13', 1, '2026-03-01 09:02:11', '2026-03-01 09:02:11'),
	(163, 'MC ENG 16', 'Survey of English and American Literature', 3, 'MC ENG 13', 1, '2026-03-01 09:02:11', '2026-03-01 09:02:11'),
	(164, 'MC ENG 17', 'Contemporary, Popular, and Emergent Literature', 3, 'MC ENG 13', 1, '2026-03-01 09:02:11', '2026-03-01 09:02:11'),
	(165, 'MC ENG 18', 'Thesis Writing 1', 3, NULL, 1, '2026-03-01 09:02:11', '2026-03-01 09:02:11'),
	(166, 'MC ENG 19', 'Thesis Writing 2', 3, 'MC ENG 18', 1, '2026-03-01 09:02:11', '2026-03-01 09:02:11'),
	(167, 'MC ENG 20', 'Campus Journalism', 3, 'MC ENG 9', 1, '2026-03-01 09:02:11', '2026-03-01 09:02:11'),
	(168, 'MC ENG 21', 'Literary Criticism', 3, 'MC ENG 8, 13, 14, 15, 16, 17', 1, '2026-03-01 09:02:11', '2026-03-01 09:02:11'),
	(169, 'MC ENG 22', 'Technology for Teaching and Learning 2 (Technology in Language Education)', 3, NULL, 1, '2026-03-01 09:02:11', '2026-03-01 09:02:11'),
	(170, 'MC ENG 23', 'Teaching and Assessment of Literature Studies', 3, NULL, 1, '2026-03-01 09:02:11', '2026-03-01 09:02:11'),
	(171, 'PEd 1', 'Anatomy and Physiology of Human Movements', 3, NULL, 1, '2026-03-01 09:02:11', '2026-03-01 09:02:11'),
	(172, 'PEd 2', 'Principles, Motor Control and Learning of Exercise, Sports and Dance', 3, NULL, 1, '2026-03-01 09:02:11', '2026-03-01 09:02:11'),
	(173, 'PEd 3', 'Philosophical and Socio-anthropological Foundations of Physical Education and Sports', 3, NULL, 1, '2026-03-01 09:02:11', '2026-03-01 09:02:11'),
	(174, 'PEd 4', 'Physiology of Exercises and Physical Activity', 3, NULL, 1, '2026-03-01 09:02:11', '2026-03-01 09:02:11'),
	(175, 'PEd 5', 'Sports and Exercise Psychology', 3, NULL, 1, '2026-03-01 09:02:11', '2026-03-01 09:02:11'),
	(176, 'PEd 6', 'Applied Motor Control and Learning of Exercise, Sports and Dances', 3, NULL, 1, '2026-03-01 09:02:11', '2026-03-01 09:02:11'),
	(177, 'PEd 7', 'International Dance and other Forms', 3, NULL, 1, '2026-03-01 09:02:11', '2026-03-01 09:02:11'),
	(178, 'PEd 8', 'Curriculum and Assessment for Physical Education and Health', 3, NULL, 1, '2026-03-01 09:02:11', '2026-03-01 09:02:11'),
	(179, 'PEd 9', 'Process of Teaching PE and Health Education', 3, NULL, 1, '2026-03-01 09:02:11', '2026-03-01 09:02:11'),
	(180, 'PEd 10', 'Technology for Teaching and Learning 2 (Technology Application in Teaching Physical Education and Health Education)', 3, NULL, 1, '2026-03-01 09:02:11', '2026-03-01 09:02:11'),
	(181, 'PEd 11', 'Movement Education', 3, NULL, 1, '2026-03-01 09:02:11', '2026-03-01 09:02:11'),
	(182, 'PEd 12', 'Philippine Traditional Dances', 3, NULL, 1, '2026-03-01 09:02:11', '2026-03-01 09:02:11'),
	(183, 'PEd 13', 'Individual and Dual Sports', 3, NULL, 1, '2026-03-01 09:02:11', '2026-03-01 09:02:11'),
	(184, 'PEd Elec 1', 'Prevention and Management of Exercise and Sports-related Injuries', 3, NULL, 1, '2026-03-01 09:02:11', '2026-03-01 09:02:11'),
	(185, 'PEd 14', 'Team Sports', 3, NULL, 1, '2026-03-01 09:02:11', '2026-03-01 09:02:11'),
	(186, 'PEd 15', 'Philippine Traditional Games and Sports', 3, NULL, 1, '2026-03-01 09:02:11', '2026-03-01 09:02:11'),
	(187, 'PEd 16', 'Swimming and Aquatics', 3, NULL, 1, '2026-03-01 09:02:11', '2026-03-01 09:02:11'),
	(188, 'PEd 17', 'Research I', 3, NULL, 1, '2026-03-01 09:02:11', '2026-03-01 09:02:11'),
	(189, 'PEd 18', 'Research II', 3, 'PEd 17', 1, '2026-03-01 09:02:11', '2026-03-01 09:02:11'),
	(190, 'PEd 19', 'Coordinated School Health Program', 3, NULL, 1, '2026-03-01 09:02:11', '2026-03-01 09:02:11'),
	(191, 'PEd 20', 'Personal, Community and Environmental Health', 3, NULL, 1, '2026-03-01 09:02:11', '2026-03-01 09:02:11'),
	(192, 'PEd 21', 'Emergency Preparedness and Safety Management', 3, NULL, 1, '2026-03-01 09:02:11', '2026-03-01 09:02:11'),
	(193, 'PEd 22', 'Drug Education, Consumer Health Education and Healthy Eating', 3, NULL, 1, '2026-03-01 09:02:11', '2026-03-01 09:02:11'),
	(194, 'PEd Elec 2', 'Contemporary Issues in PE, Health and Sports', 3, NULL, 1, '2026-03-01 09:02:11', '2026-03-01 09:02:11'),
	(195, 'CAEd 1', 'Foundation of Culture and Arts Education', 3, NULL, 1, '2026-03-01 09:02:11', '2026-03-01 09:02:11'),
	(196, 'CAEd 2', 'Perspective in Philippine Cultural Heritage', 3, NULL, 1, '2026-03-01 09:02:11', '2026-03-01 09:02:11'),
	(197, 'CAEd 3', 'Principles and Practices in Creative Expressions: Music Overview I - The Philosophical and Historical Foundations of Creative Expressions in Sound-I', 3, 'CAEd 1', 1, '2026-03-01 09:02:11', '2026-03-01 09:02:11'),
	(198, 'CAEd 4', 'Principles and Practices in Creative Expressions: Visual Arts Overview I - Visual Arts in Traditional Societies Form, Meaning and Process in the Visual Arts of Traditional Societies', 3, 'CAEd 1', 1, '2026-03-01 09:02:11', '2026-03-01 09:02:11'),
	(199, 'CAEd 5', 'Principles and Practices in Creative Expressions: Dance Overview I - Foundations of Dance', 3, 'CAEd 1', 1, '2026-03-01 09:02:11', '2026-03-01 09:02:11'),
	(200, 'CAEd 6', 'Principles and Practices in Creative Expressions: Drama Overview I: The Philosophical and Educational Foundations of Creative Drama', 3, 'CAEd 1', 1, '2026-03-01 09:02:11', '2026-03-01 09:02:11'),
	(201, 'CAEd Elec 1', 'Elective-Creative Industries as Culture and Arts Practice', 3, NULL, 1, '2026-03-01 09:02:11', '2026-03-01 09:02:11'),
	(202, 'CAEd 7', 'Culture and Arts Education in Plural Societies', 3, NULL, 1, '2026-03-01 09:02:11', '2026-03-01 09:02:11'),
	(203, 'CAEd 8', 'Principles and Practices in Creative Expressions: Music Overview II - The Philosophical and Historical Foundations of Creative Expressions in Sound-II', 3, 'CAEd 3', 1, '2026-03-01 09:02:11', '2026-03-01 09:02:11'),
	(204, 'CAEd 9', 'Principles and Practices in Creative Expressions: Visual Arts Overview II - Contemporary Art in Various Contexts Design and Method in Contemporary Visual Arts', 3, 'CAEd 4', 1, '2026-03-01 09:02:11', '2026-03-01 09:02:11'),
	(205, 'CAEd 10', 'Principles and Practices in Creative Expressions: Dance Overview II - Philippine Traditional Dances', 3, 'CAEd 5', 1, '2026-03-01 09:02:11', '2026-03-01 09:02:11'),
	(206, 'CAEd 11', 'Principles and Practices in Creative Expressions: Drama Overview II - Introduction to the Basic Elements of Drama and Theater Production', 3, 'CAEd 6', 1, '2026-03-01 09:02:11', '2026-03-01 09:02:11'),
	(207, 'CAEd 12', 'Art Apprenticeship I', 3, NULL, 1, '2026-03-01 09:02:11', '2026-03-01 09:02:11'),
	(208, 'CAEd 14', 'Principles and Practices in Creative Expressions: Music Overview III - Music Pedagogy I (Teaching Methods in Music for K-6)', 3, 'CAEd 8', 1, '2026-03-01 09:02:11', '2026-03-01 09:02:11'),
	(209, 'CAEd 15', 'Principles and Practices in Creative Expressions: Visual Arts Overview III - Analysis and Critical Understanding of the Visual Arts', 3, 'CAEd 9', 1, '2026-03-01 09:02:11', '2026-03-01 09:02:11'),
	(210, 'CAEd 16', 'Principles and Practices in Creative Expressions: Dance Overview III - International Dance and other Forms', 3, 'CAEd 10', 1, '2026-03-01 09:02:11', '2026-03-01 09:02:11'),
	(211, 'CAEd 17', 'Principles and Practices in Creative Expressions: Drama Overview III - Dramaturgy and Aesthetics in Philippine and Non-Philippine Theater Classics', 3, 'CAEd 11', 1, '2026-03-01 09:02:11', '2026-03-01 09:02:11'),
	(212, 'CAEd 13', 'Art Apprenticeship II', 3, 'CAEd 12', 1, '2026-03-01 09:02:11', '2026-03-01 09:02:11'),
	(213, 'CAEd 18', 'Research I - Arts and Culture Research', 3, NULL, 1, '2026-03-01 09:02:11', '2026-03-01 09:02:11'),
	(214, 'CAEd 20', 'Principles and Practices in Creative Expressions: Music Overview IV - Teaching Methods in Music for Junior and Senior High School', 3, 'CAEd 14', 1, '2026-03-01 09:02:11', '2026-03-01 09:02:11'),
	(215, 'CAEd 21', 'Principles and Practices in Creative Expressions: Visual Arts Overview IV - Teaching the Visual Arts', 3, 'CAEd 15', 1, '2026-03-01 09:02:11', '2026-03-01 09:02:11'),
	(216, 'CAEd 22', 'Principles and Practices in Creative Expressions: Dance Overview IV - Teaching Dance', 3, 'CAEd 16', 1, '2026-03-01 09:02:11', '2026-03-01 09:02:11'),
	(217, 'CAEd 23', 'Principles and Practices in Creative Expressions: Drama Overview IV - Principles and Practice of Teaching Drama', 3, 'CAEd 17', 1, '2026-03-01 09:02:11', '2026-03-01 09:02:11'),
	(218, 'CAEd 24', 'Technology for Teaching and Learning in Culture and Arts Education', 3, NULL, 1, '2026-03-01 09:02:11', '2026-03-01 09:02:11'),
	(219, 'CAEd 19', 'Research II - Culminating Project', 3, 'CAEd 18', 1, '2026-03-01 09:02:11', '2026-03-01 09:02:11'),
	(220, 'MC SSC 1', 'Teaching Social Studies in the Primary Grades (Culture and Basic Geography)', 3, NULL, 1, '2026-03-01 09:02:11', '2026-03-01 09:02:11'),
	(221, 'MC MTB-MLE', 'Content and Pedagogy for the Mother Tongue', 3, NULL, 1, '2026-03-01 09:02:11', '2026-03-01 09:02:11'),
	(222, 'MC PEH', 'Teaching PE and Health in the Elementary Grades', 3, NULL, 1, '2026-03-01 09:02:11', '2026-03-01 09:02:11'),
	(223, 'MC VED', 'Good Manners and Right Conduct (Edukasyon sa Pagpapakatao)', 3, NULL, 1, '2026-03-01 09:02:11', '2026-03-01 09:02:11'),
	(224, 'MC SSC 2', 'Teaching Social Studies in the Intermediate Grades (Philippine History and Government)', 3, 'MC SSC 1', 1, '2026-03-01 09:02:11', '2026-03-01 09:02:11'),
	(225, 'MC ARTS', 'Teaching Arts in the Elementary Grades', 3, NULL, 1, '2026-03-01 09:02:11', '2026-03-01 09:02:11'),
	(226, 'MC MUSIC', 'Teaching Music in the Elementary Grades', 3, NULL, 1, '2026-03-01 09:02:11', '2026-03-01 09:02:11'),
	(227, 'MC TLE 1', 'Edukasyong Pantahanan at Pangkabuhayan', 3, NULL, 1, '2026-03-01 09:02:11', '2026-03-01 09:02:11'),
	(228, 'ELECTIVE', 'Teaching Multi-Grade Classes', 3, NULL, 1, '2026-03-01 09:02:11', '2026-03-01 09:02:11'),
	(229, 'MC RES 1', 'Research in Teaching', 3, NULL, 1, '2026-03-01 09:02:11', '2026-03-01 09:02:11'),
	(230, 'MC TLE 2', 'Edukasyong Pantahanan at Pangkabuhayan with Entrepreneurship', 3, 'MC TLE 1', 1, '2026-03-01 09:02:11', '2026-03-01 09:02:11'),
	(231, 'MC TTL 2', 'Application of Technology for Teaching and Learning 2 in the Elementary Grades', 3, NULL, 1, '2026-03-01 09:02:11', '2026-03-01 09:02:11'),
	(232, 'MC RES 2', 'Research in Teaching', 3, 'MC RES 1', 1, '2026-03-01 09:02:11', '2026-03-01 09:02:11');

INSERT INTO `registrar_feature_accesses` (`id`, `feature`, `enabled`, `created_at`, `updated_at`) VALUES
	(1, 'registrar_settings_unifast_access', 1, '2026-03-04 03:02:23', '2026-03-04 03:04:06'),
	(2, 'registrar_settings_staff_access', 1, '2026-03-04 03:04:15', '2026-03-04 03:04:24'),
	(3, 'registrar_settings_fees', 0, '2026-03-04 03:04:34', '2026-03-04 03:04:34');

INSERT INTO `rooms` (`id`, `department_id`, `department_scope`, `created_by_role`, `created_by_user_id`, `code`, `name`, `capacity`, `building`, `is_active`, `created_at`, `updated_at`) VALUES
	(1, NULL, 'all', 'dean', 95, '101', 'room 5', 50, NULL, 1, '2026-02-28 22:06:36', '2026-02-28 22:06:36');

INSERT INTO `schedule_templates` (`id`, `title`, `description`, `program`, `program_id`, `major`, `year_level`, `academic_year_level_id`, `semester`, `school_year`, `block_id`, `template`, `is_active`, `created_by`, `created_at`, `updated_at`) VALUES
	(1, 'BSED 1st Year - 1st Sem Master Schedule', 'Test master schedule for BSED 1st year, 1st semester.', 'BEED', NULL, NULL, '3rd Year', 3, 'First Semester', '2025-2026', 1, '{"subject_ids":[1,1,1],"fees":[]}', 0, 1, '2026-02-27 03:56:10', '2026-02-28 10:31:10'),
	(3, 'New Schedule Form', NULL, NULL, NULL, NULL, NULL, NULL, NULL, NULL, NULL, '{"subject_ids":[],"fees":[],"slots":[]}', 0, 1, '2026-03-02 06:14:12', '2026-03-02 17:44:27');

INSERT INTO `school_years` (`id`, `start_year`, `end_year`, `label`, `created_at`, `updated_at`) VALUES
	(1, 2025, 2026, '2025-2026', '2026-02-25 06:48:24', '2026-02-25 06:48:24'),
	(2, 2026, 2027, '2026-2027', '2026-03-04 04:28:44', '2026-03-04 04:28:44');



INSERT INTO `staff_feature_accesses` (`id`, `feature`, `enabled`, `created_at`, `updated_at`) VALUES
	(1, 'staff_assessments', 1, '2026-03-02 23:55:25', '2026-03-03 00:03:02'),
	(2, 'staff_admission', 0, '2026-03-03 00:34:21', '2026-03-03 00:50:25'),
	(3, 'staff_students_explorer', 0, '2026-03-03 00:50:26', '2026-03-03 00:50:26'),
	(4, 'staff_block_management', 0, '2026-03-03 00:50:27', '2026-03-03 00:50:27'),
	(5, 'staff_fee_settings', 0, '2026-03-03 00:50:28', '2026-03-03 00:50:28'),
	(6, 'staff_reports', 0, '2026-03-03 00:50:29', '2026-03-03 00:50:29');

INSERT INTO `staff_feature_user_accesses` (`id`, `user_id`, `feature`, `enabled`, `created_at`, `updated_at`) VALUES
	(1, 97, 'staff_assessments', 0, '2026-03-03 00:19:18', '2026-03-03 01:02:04'),
	(2, 97, 'staff_admission', 1, '2026-03-03 00:34:12', '2026-03-03 01:00:48'),
	(3, 97, 'staff_students_explorer', 1, '2026-03-03 00:50:49', '2026-03-03 01:00:49'),
	(4, 97, 'staff_block_management', 1, '2026-03-03 00:50:50', '2026-03-03 01:00:50'),
	(5, 97, 'staff_fee_settings', 1, '2026-03-03 00:50:51', '2026-03-03 01:00:51'),
	(6, 97, 'staff_reports', 1, '2026-03-03 00:50:52', '2026-03-03 01:00:53'),
	(7, 97, 'staff_student_records_cor_archive', 0, '2026-03-03 03:09:40', '2026-03-03 04:02:36'),
	(8, 97, 'staff_student_records_cor_archive_irregular', 0, '2026-03-03 03:09:41', '2026-03-03 04:02:33'),
	(9, 97, 'staff_student_records_block_requests', 0, '2026-03-03 03:09:51', '2026-03-03 04:02:32'),
	(10, 97, 'staff_student_records_blocks', 1, '2026-03-03 03:09:52', '2026-03-03 03:25:44'),
	(11, 97, 'staff_student_records_irregularities', 0, '2026-03-03 03:09:53', '2026-03-03 03:09:53'),
	(12, 97, 'staff_admission_form_builder', 0, '2026-03-03 04:02:45', '2026-03-03 04:02:45'),
	(13, 97, 'staff_settings_fee_settings', 0, '2026-03-03 04:03:25', '2026-03-03 04:03:25');


INSERT INTO `student_cor_records` (`id`, `student_id`, `subject_id`, `professor_id`, `is_overload`, `professor_name_snapshot`, `room_name_snapshot`, `days_snapshot`, `start_time_snapshot`, `end_time_snapshot`, `program_id`, `year_level`, `block_id`, `shift`, `semester`, `school_year`, `cor_source`, `deployed_by`, `deployed_at`, `created_at`, `updated_at`) VALUES
	(91, NULL, 1, 97, 0, 'Educ COS One', '101', 'Mon', '20:00:00', '21:00:00', 9, '1st Year', 43, 'day', 'First Semester', '2025-2026', 'schedule_by_program', 95, '2026-03-05 04:01:18', '2026-03-05 04:01:18', '2026-03-05 04:01:18'),
	(92, NULL, 395, NULL, 0, '', '', 'Day 0', '08:00:00', '09:00:00', 9, '1st Year', 43, 'day', 'First Semester', '2025-2026', 'schedule_by_program', 95, '2026-03-05 04:01:18', '2026-03-05 04:01:18', '2026-03-05 04:01:18'),
	(93, NULL, 396, NULL, 0, '', '', 'Day 0', '08:00:00', '09:00:00', 9, '1st Year', 43, 'day', 'First Semester', '2025-2026', 'schedule_by_program', 95, '2026-03-05 04:01:18', '2026-03-05 04:01:18', '2026-03-05 04:01:18'),
	(94, NULL, 397, NULL, 0, '', '', 'Day 0', '08:00:00', '09:00:00', 9, '1st Year', 43, 'day', 'First Semester', '2025-2026', 'schedule_by_program', 95, '2026-03-05 04:01:18', '2026-03-05 04:01:18', '2026-03-05 04:01:18'),
	(95, NULL, 398, NULL, 0, '', '', 'Day 0', '08:00:00', '09:00:00', 9, '1st Year', 43, 'day', 'First Semester', '2025-2026', 'schedule_by_program', 95, '2026-03-05 04:01:18', '2026-03-05 04:01:18', '2026-03-05 04:01:18'),
	(96, NULL, 399, NULL, 0, '', '', 'Day 0', '08:00:00', '09:00:00', 9, '1st Year', 43, 'day', 'First Semester', '2025-2026', 'schedule_by_program', 95, '2026-03-05 04:01:18', '2026-03-05 04:01:18', '2026-03-05 04:01:18'),
	(97, NULL, 400, NULL, 0, '', '', 'Day 0', '08:00:00', '09:00:00', 9, '1st Year', 43, 'day', 'First Semester', '2025-2026', 'schedule_by_program', 95, '2026-03-05 04:01:18', '2026-03-05 04:01:18', '2026-03-05 04:01:18'),
	(98, NULL, 401, NULL, 0, '', '', 'Day 0', '08:00:00', '09:00:00', 9, '1st Year', 43, 'day', 'First Semester', '2025-2026', 'schedule_by_program', 95, '2026-03-05 04:01:18', '2026-03-05 04:01:18', '2026-03-05 04:01:18'),
	(99, NULL, 402, NULL, 0, '', '', 'Day 0', '08:00:00', '09:00:00', 9, '1st Year', 43, 'day', 'First Semester', '2025-2026', 'schedule_by_program', 95, '2026-03-05 04:01:18', '2026-03-05 04:01:18', '2026-03-05 04:01:18'),
	(100, NULL, 394, NULL, 0, '', '', 'Day 0', '08:00:00', '09:00:00', 9, '1st Year', 43, 'day', 'First Semester', '2025-2026', 'schedule_by_program', 95, '2026-03-05 04:01:18', '2026-03-05 04:01:18', '2026-03-05 04:01:18'),
	(137, NULL, 453, NULL, 0, '', '101', 'Mon', '08:00:00', '09:00:00', 1, '1st Year', 2, 'day', 'First Semester', '2025-2026', 'schedule_by_program', 95, '2026-03-05 05:25:30', '2026-03-05 05:25:30', '2026-03-05 05:25:30'),
	(138, NULL, 454, NULL, 0, '', '', 'Day 0', '08:00:00', '09:00:00', 1, '1st Year', 2, 'day', 'First Semester', '2025-2026', 'schedule_by_program', 95, '2026-03-05 05:25:30', '2026-03-05 05:25:30', '2026-03-05 05:25:30'),
	(139, NULL, 455, NULL, 0, '', '', 'Day 0', '08:00:00', '09:00:00', 1, '1st Year', 2, 'day', 'First Semester', '2025-2026', 'schedule_by_program', 95, '2026-03-05 05:25:30', '2026-03-05 05:25:30', '2026-03-05 05:25:30'),
	(140, NULL, 456, NULL, 0, '', '', 'Day 0', '08:00:00', '09:00:00', 1, '1st Year', 2, 'day', 'First Semester', '2025-2026', 'schedule_by_program', 95, '2026-03-05 05:25:30', '2026-03-05 05:25:30', '2026-03-05 05:25:30'),
	(141, NULL, 457, NULL, 0, '', '', 'Day 0', '08:00:00', '09:00:00', 1, '1st Year', 2, 'day', 'First Semester', '2025-2026', 'schedule_by_program', 95, '2026-03-05 05:25:30', '2026-03-05 05:25:30', '2026-03-05 05:25:30'),
	(142, NULL, 458, NULL, 0, '', '', 'Day 0', '08:00:00', '09:00:00', 1, '1st Year', 2, 'day', 'First Semester', '2025-2026', 'schedule_by_program', 95, '2026-03-05 05:25:30', '2026-03-05 05:25:30', '2026-03-05 05:25:30'),
	(143, NULL, 459, NULL, 0, '', '', 'Day 0', '08:00:00', '09:00:00', 1, '1st Year', 2, 'day', 'First Semester', '2025-2026', 'schedule_by_program', 95, '2026-03-05 05:25:30', '2026-03-05 05:25:30', '2026-03-05 05:25:30'),
	(144, NULL, 460, NULL, 0, '', '', 'Day 0', '08:00:00', '09:00:00', 1, '1st Year', 2, 'day', 'First Semester', '2025-2026', 'schedule_by_program', 95, '2026-03-05 05:25:30', '2026-03-05 05:25:30', '2026-03-05 05:25:30'),
	(145, NULL, 452, NULL, 0, '', '', 'Day 0', '08:00:00', '09:00:00', 1, '1st Year', 2, 'day', 'First Semester', '2025-2026', 'schedule_by_program', 95, '2026-03-05 05:25:30', '2026-03-05 05:25:30', '2026-03-05 05:25:30');


INSERT INTO `subjects` (`id`, `raw_subject_id`, `program_id`, `academic_year_level_id`, `code`, `title`, `units`, `prerequisites`, `major`, `semester`, `is_active`, `created_at`, `updated_at`) VALUES
	(1, 1, 9, 1, '372396', 'test', 3, NULL, NULL, 'First Semester', 1, '2026-02-27 04:22:26', '2026-02-27 04:22:26'),
	(2, 2, 5, 1, 'Prof Educ 1', 'The Child and Adolescent Learners and Learning Principles', 3, NULL, NULL, 'First Semester', 1, '2026-02-28 11:06:18', '2026-02-28 11:06:18'),
	(3, 3, 5, 1, 'MC Sci 1', 'Inorganic Chemistry (3hrs Lec & 2 hrs lab)', 5, NULL, NULL, 'First Semester', 1, '2026-02-28 11:06:19', '2026-02-28 11:06:19'),
	(4, 4, 5, 1, 'GE 1', 'Understanding the Self', 3, NULL, NULL, 'First Semester', 1, '2026-02-28 11:06:19', '2026-02-28 11:06:19'),
	(5, 5, 5, 1, 'GE 2', 'Readings in the Philippine History', 3, NULL, NULL, 'First Semester', 1, '2026-02-28 11:06:19', '2026-02-28 11:06:19'),
	(6, 6, 5, 1, 'GE 3', 'The Contemporary World', 3, NULL, NULL, 'First Semester', 1, '2026-02-28 11:06:19', '2026-02-28 11:06:19'),
	(7, 7, 5, 1, 'GE 4', 'Mathematics in the Modern World', 3, NULL, NULL, 'First Semester', 1, '2026-02-28 11:06:19', '2026-02-28 11:06:19'),
	(8, 8, 5, 1, 'NSTP 1', 'ROTC/LTS/CWTS', 3, NULL, NULL, 'First Semester', 1, '2026-02-28 11:06:19', '2026-02-28 11:06:19'),
	(9, 9, 5, 1, 'PATHFIT 1', 'Movement Competency Training', 2, NULL, NULL, 'First Semester', 1, '2026-02-28 11:06:19', '2026-02-28 11:06:19'),
	(10, 10, 5, 1, 'Prof Educ 2', 'Foundation of Special and Inclusive Education', 3, NULL, NULL, 'Second Semester', 1, '2026-02-28 11:06:19', '2026-02-28 11:06:19'),
	(11, 11, 5, 1, 'MC Sci 2', 'Organic Chemistry (3hrs Lec & 2 hrs lab)', 5, NULL, NULL, 'Second Semester', 1, '2026-02-28 11:06:19', '2026-02-28 11:06:19'),
	(12, 12, 5, 1, 'MC Sci 4', 'Fluid Mechanics', 3, NULL, NULL, 'Second Semester', 1, '2026-02-28 11:06:19', '2026-02-28 11:06:19'),
	(13, 13, 5, 1, 'GE 5', 'Purposive Communication', 3, NULL, NULL, 'Second Semester', 1, '2026-02-28 11:06:19', '2026-02-28 11:06:19'),
	(14, 14, 5, 1, 'GE 6', 'Art Appreciation', 3, NULL, NULL, 'Second Semester', 1, '2026-02-28 11:06:19', '2026-02-28 11:06:19'),
	(15, 15, 5, 1, 'GE 7', 'Science, Technology and Society', 3, NULL, NULL, 'Second Semester', 1, '2026-02-28 11:06:19', '2026-02-28 11:06:19'),
	(16, 16, 5, 1, 'NSTP 2', 'ROTC/LTS/CWTS', 3, 'NSTP 1', NULL, 'Second Semester', 1, '2026-02-28 11:06:19', '2026-02-28 11:40:04'),
	(17, 17, 5, 1, 'PATHFIT 2', 'Exercise-Based Fitness Activities', 2, 'PATHFIT 1', NULL, 'Second Semester', 1, '2026-02-28 11:06:19', '2026-02-28 11:40:04'),
	(18, 18, 5, 2, 'Prof Educ 3', 'The Teaching Profession', 3, NULL, NULL, 'First Semester', 1, '2026-02-28 11:06:19', '2026-02-28 11:06:19'),
	(19, 19, 5, 2, 'MC Sci 3', 'Biochemistry', 3, NULL, NULL, 'First Semester', 1, '2026-02-28 11:06:19', '2026-02-28 11:06:19'),
	(20, 20, 5, 2, 'MC Sci 5', 'Genetics (3hrs lec. & 1hr. lab)', 4, NULL, NULL, 'First Semester', 1, '2026-02-28 11:06:19', '2026-02-28 11:06:19'),
	(21, 21, 5, 2, 'MC Sci 6', 'Thermodynamics (3hrs lec. & 1hr. lab)', 4, NULL, NULL, 'First Semester', 1, '2026-02-28 11:06:19', '2026-02-28 11:06:19'),
	(22, 22, 5, 2, 'GE 8', 'Ethics', 3, NULL, NULL, 'First Semester', 1, '2026-02-28 11:06:19', '2026-02-28 11:06:19'),
	(23, 23, 5, 2, 'GE 9', 'The Life and Works of Rizal', 3, NULL, NULL, 'First Semester', 1, '2026-02-28 11:06:19', '2026-02-28 11:06:19'),
	(24, 24, 5, 2, 'GE ELEC 1', 'The Entrepreneurial Mind', 3, NULL, NULL, 'First Semester', 1, '2026-02-28 11:06:19', '2026-02-28 11:06:19'),
	(25, 25, 5, 2, 'PATHFIT 3', 'Sports', 2, 'PATHFIT 2', NULL, 'First Semester', 1, '2026-02-28 11:06:19', '2026-02-28 11:40:04'),
	(26, 26, 5, 2, 'Prof Educ 4', 'The Teacher and the School Curriculum', 3, NULL, NULL, 'Second Semester', 1, '2026-02-28 11:06:19', '2026-02-28 11:06:19'),
	(27, 27, 5, 2, 'Prof Educ 5', 'The Teacher and the Community, School Culture, and Organizational Leadership', 3, NULL, NULL, 'Second Semester', 1, '2026-02-28 11:06:19', '2026-02-28 11:06:19'),
	(28, 28, 5, 2, 'MC Sci 7', 'Earth Science', 3, NULL, NULL, 'Second Semester', 1, '2026-02-28 11:06:19', '2026-02-28 11:06:19'),
	(29, 29, 5, 2, 'MC Sci 8', 'Cell and Molecular Biology (3hrs lec. & 1hr. lab)', 4, NULL, NULL, 'Second Semester', 1, '2026-02-28 11:06:19', '2026-02-28 11:06:19'),
	(30, 30, 5, 2, 'MC Sci 9', 'Electricity and Magnetism (3hrs lec. & 1hr. lab)', 4, NULL, NULL, 'Second Semester', 1, '2026-02-28 11:06:19', '2026-02-28 11:06:19'),
	(31, 31, 5, 2, 'GE ELEC 2', 'Philippine Popular Culture', 3, NULL, NULL, 'Second Semester', 1, '2026-02-28 11:06:19', '2026-02-28 11:06:19'),
	(32, 32, 5, 2, 'GE ELEC 3', 'Living in the IT Era', 3, NULL, NULL, 'Second Semester', 1, '2026-02-28 11:06:19', '2026-02-28 11:06:19'),
	(33, 33, 5, 2, 'PATHFIT 4', 'Dance', 2, 'PATHFIT 3', NULL, 'Second Semester', 1, '2026-02-28 11:06:19', '2026-02-28 11:40:04'),
	(34, 34, 5, 3, 'Prof Educ 6', 'Facilitating Learner-Centered Teaching', 3, NULL, NULL, 'First Semester', 1, '2026-02-28 11:06:19', '2026-02-28 11:06:19'),
	(35, 35, 5, 3, 'Prof Educ 7', 'Technology for Teaching and Learning 1', 3, NULL, NULL, 'First Semester', 1, '2026-02-28 11:06:19', '2026-02-28 11:06:19'),
	(36, 36, 5, 3, 'Prof Educ 8', 'Assessment in Learning 1', 3, NULL, NULL, 'First Semester', 1, '2026-02-28 11:06:19', '2026-02-28 11:06:19'),
	(37, 37, 5, 3, 'MC Sci 10', 'Environmental Science', 3, NULL, NULL, 'First Semester', 1, '2026-02-28 11:06:19', '2026-02-28 11:06:19'),
	(38, 38, 5, 3, 'MC Sci 11', 'Analytical Chemistry (3hrs lec. & 2hrs. lab)', 5, NULL, NULL, 'First Semester', 1, '2026-02-28 11:06:19', '2026-02-28 11:06:19'),
	(39, 39, 5, 3, 'MC Sci 12', 'Waves and Optics (3hrs lec. & 1hr. lab)', 4, NULL, NULL, 'First Semester', 1, '2026-02-28 11:06:19', '2026-02-28 11:06:19'),
	(40, 40, 5, 3, 'MC Sci 13', 'Anatomy and Physiology (3hrs lec. & 1hr. lab)', 4, NULL, NULL, 'First Semester', 1, '2026-02-28 11:06:19', '2026-02-28 11:06:19'),
	(41, 41, 5, 3, 'MC Sci 15', 'Research in Teaching Science 1', 3, NULL, NULL, 'First Semester', 1, '2026-02-28 11:06:19', '2026-02-28 11:06:19'),
	(42, 42, 5, 3, 'Prof Educ 9', 'Assessment in Learning 2', 3, NULL, NULL, 'Second Semester', 1, '2026-02-28 11:06:19', '2026-02-28 11:06:19'),
	(43, 43, 5, 3, 'Prof Educ 10', 'Building and Enhancing New Literacies Across the Curriculum', 3, NULL, NULL, 'Second Semester', 1, '2026-02-28 11:06:19', '2026-02-28 11:06:19'),
	(44, 44, 5, 3, 'MC Sci 17', 'Meteorology', 3, NULL, NULL, 'Second Semester', 1, '2026-02-28 11:06:19', '2026-02-28 11:06:19'),
	(45, 45, 5, 3, 'MC Sci 16', 'Research in Teaching Science 2', 3, 'MC Sci 15', NULL, 'Second Semester', 1, '2026-02-28 11:06:19', '2026-02-28 11:40:04'),
	(46, 46, 5, 3, 'MC Sci 14', 'Technology for Teaching and Learning Science (Technology Application in Science Teaching)', 3, 'Prof Educ 7', NULL, 'Second Semester', 1, '2026-02-28 11:06:19', '2026-02-28 11:40:04'),
	(47, 47, 5, 3, 'MC Sci 18', 'Astronomy', 3, NULL, NULL, 'Second Semester', 1, '2026-02-28 11:06:19', '2026-02-28 11:06:19'),
	(48, 48, 5, 3, 'MC Sci 19', 'Microbiology & Parasitology (3hrs lec. & 1hr. lab)', 4, NULL, NULL, 'Second Semester', 1, '2026-02-28 11:06:19', '2026-02-28 11:06:19'),
	(49, 49, 5, 3, 'MC Sci 20', 'Modern Physics', 3, NULL, NULL, 'Second Semester', 1, '2026-02-28 11:06:19', '2026-02-28 11:06:19'),
	(50, 50, 5, 3, 'MC Sci 21', 'The Teaching of Science (Teaching the Specialized Field)', 3, NULL, NULL, 'Second Semester', 1, '2026-02-28 11:06:19', '2026-02-28 11:06:19'),
	(51, 51, 5, 4, 'Prof Educ 11', 'Field Study 1: Observations of Teaching - Learning in Actual School Environment', 3, 'All GE, All Prof Ed, & All Major Subjects', NULL, 'First Semester', 1, '2026-02-28 11:06:19', '2026-02-28 11:40:04'),
	(52, 52, 5, 4, 'Prof Educ 12', 'Field Study 2: Participation and Teaching Assistantship', 3, 'All GE, All Prof Ed, & All Major Subjects', NULL, 'First Semester', 1, '2026-02-28 11:06:19', '2026-02-28 11:40:04'),
	(53, 53, 5, 4, 'Review 1', 'Enrichment Class (Major Subjects and General Subjects)', 6, 'All GE, All Prof Ed, & All Major Subjects', NULL, 'First Semester', 1, '2026-02-28 11:06:19', '2026-02-28 11:40:04'),
	(54, 54, 5, 4, 'Prof Educ 13', 'Field Study 3: The Teaching Internship', 6, 'All GE, All Prof Ed, & All Major Subjects', NULL, 'Second Semester', 1, '2026-02-28 11:06:19', '2026-02-28 11:40:04'),
	(55, 55, 5, 4, 'Review 2', 'Enrichment Class (Professional Education Subjects)', 6, 'All GE, All Prof Ed, & All Major Subjects', NULL, 'Second Semester', 1, '2026-02-28 11:06:19', '2026-02-28 11:40:04'),
	(56, 2, 7, 1, 'Prof Educ 1', 'The Child and Adolescent Learners and Learning Principles', 3, NULL, NULL, 'First Semester', 1, '2026-02-28 11:29:06', '2026-02-28 11:29:06'),
	(57, 56, 7, 1, 'MC VED 01', 'Foundation of Values Education', 3, NULL, NULL, 'First Semester', 1, '2026-02-28 11:29:06', '2026-02-28 11:29:06'),
	(58, 57, 7, 1, 'MC VED 02', 'Psychological Theories of Values Development', 3, NULL, NULL, 'First Semester', 1, '2026-02-28 11:29:06', '2026-02-28 11:29:06'),
	(59, 4, 7, 1, 'GE 1', 'Understanding the Self', 3, NULL, NULL, 'First Semester', 1, '2026-02-28 11:29:06', '2026-02-28 11:29:06'),
	(60, 5, 7, 1, 'GE 2', 'Readings in the Philippine History', 3, NULL, NULL, 'First Semester', 1, '2026-02-28 11:29:06', '2026-02-28 11:29:06'),
	(61, 6, 7, 1, 'GE 3', 'The Contemporary World', 3, NULL, NULL, 'First Semester', 1, '2026-02-28 11:29:06', '2026-02-28 11:29:06'),
	(62, 7, 7, 1, 'GE 4', 'Mathematics in the Modern World', 3, NULL, NULL, 'First Semester', 1, '2026-02-28 11:29:06', '2026-02-28 11:29:06'),
	(63, 8, 7, 1, 'NSTP 1', 'ROTC/LTS/CWTS', 3, NULL, NULL, 'First Semester', 1, '2026-02-28 11:29:06', '2026-02-28 11:29:06'),
	(64, 9, 7, 1, 'PATHFIT 1', 'Movement Competency Training', 2, NULL, NULL, 'First Semester', 1, '2026-02-28 11:29:06', '2026-02-28 11:29:06'),
	(65, 10, 7, 1, 'Prof Educ 2', 'Foundation of Special and Inclusive Education', 3, NULL, NULL, 'Second Semester', 1, '2026-02-28 11:29:06', '2026-02-28 11:29:06'),
	(66, 58, 7, 1, 'MC VED 03', 'Dynamics of Intra and Interpersonal Relations', 3, NULL, NULL, 'Second Semester', 1, '2026-02-28 11:29:06', '2026-02-28 11:29:06'),
	(67, 59, 7, 1, 'MC VED 04', 'Contemporary Family Life', 3, NULL, NULL, 'Second Semester', 1, '2026-02-28 11:29:06', '2026-02-28 11:29:06'),
	(68, 13, 7, 1, 'GE 5', 'Purposive Communication', 3, NULL, NULL, 'Second Semester', 1, '2026-02-28 11:29:06', '2026-02-28 11:29:06'),
	(69, 14, 7, 1, 'GE 6', 'Art Appreciation', 3, NULL, NULL, 'Second Semester', 1, '2026-02-28 11:29:06', '2026-02-28 11:29:06'),
	(70, 15, 7, 1, 'GE 7', 'Science, Technology and Society', 3, NULL, NULL, 'Second Semester', 1, '2026-02-28 11:29:06', '2026-02-28 11:29:06'),
	(71, 22, 7, 1, 'GE 8', 'Ethics', 3, NULL, NULL, 'Second Semester', 1, '2026-02-28 11:29:06', '2026-02-28 11:29:06'),
	(72, 16, 7, 1, 'NSTP 2', 'ROTC/LTS/CWTS', 3, 'NSTP 1', NULL, 'Second Semester', 1, '2026-02-28 11:29:06', '2026-02-28 11:40:04'),
	(73, 17, 7, 1, 'PATHFIT 2', 'Exercise-Based Fitness Activities', 2, 'PATHFIT 1', NULL, 'Second Semester', 1, '2026-02-28 11:29:06', '2026-02-28 11:40:04'),
	(74, 18, 7, 2, 'Prof Educ 3', 'The Teaching Profession', 3, NULL, NULL, 'First Semester', 1, '2026-02-28 11:29:06', '2026-02-28 11:29:06'),
	(75, 60, 7, 2, 'MC VED 05', 'Philosophical and Ethical Foundation of Values Education', 3, NULL, NULL, 'First Semester', 1, '2026-02-28 11:29:06', '2026-02-28 11:29:06'),
	(76, 61, 7, 2, 'MC VED 06', 'Filipino Values System', 3, NULL, NULL, 'First Semester', 1, '2026-02-28 11:29:06', '2026-02-28 11:29:06'),
	(77, 62, 7, 2, 'MC VED 07', 'Moral Issues and Concerns in Contemporary Living', 3, NULL, NULL, 'First Semester', 1, '2026-02-28 11:29:06', '2026-02-28 11:29:06'),
	(78, 23, 7, 2, 'GE 9', 'The Life and Works of Rizal', 3, NULL, NULL, 'First Semester', 1, '2026-02-28 11:29:06', '2026-02-28 11:29:06'),
	(79, 24, 7, 2, 'GE ELEC 1', 'The Entrepreneurial Mind', 3, NULL, NULL, 'First Semester', 1, '2026-02-28 11:29:06', '2026-02-28 11:29:06'),
	(80, 31, 7, 2, 'GE ELEC 2', 'Philippine Popular Culture', 3, NULL, NULL, 'First Semester', 1, '2026-02-28 11:29:06', '2026-02-28 11:29:06'),
	(81, 25, 7, 2, 'PATHFIT 3', 'Sports', 2, 'PATHFIT 2', NULL, 'First Semester', 1, '2026-02-28 11:29:06', '2026-02-28 11:40:04'),
	(82, 26, 7, 2, 'Prof Educ 4', 'The Teacher and the School Curriculum', 3, NULL, NULL, 'Second Semester', 1, '2026-02-28 11:29:06', '2026-02-28 11:29:06'),
	(83, 27, 7, 2, 'Prof Educ 5', 'The Teacher and the Community, School Culture, and Organizational Leadership', 3, NULL, NULL, 'Second Semester', 1, '2026-02-28 11:29:06', '2026-02-28 11:29:06'),
	(84, 63, 7, 2, 'MC VED 10', 'Development of Values Education Instructional Materials and Assessment Tools', 3, NULL, NULL, 'Second Semester', 1, '2026-02-28 11:29:06', '2026-02-28 11:29:06'),
	(85, 64, 7, 2, 'MC VED 11', 'Psycho-Spiritual Development', 3, NULL, NULL, 'Second Semester', 1, '2026-02-28 11:29:06', '2026-02-28 11:29:06'),
	(86, 65, 7, 2, 'MC VED 08', 'Career Development and Work Values', 3, NULL, NULL, 'Second Semester', 1, '2026-02-28 11:29:06', '2026-02-28 11:29:06'),
	(87, 66, 7, 2, 'MC VED 09', 'Introduction to Guidance and Counseling', 3, NULL, NULL, 'Second Semester', 1, '2026-02-28 11:29:06', '2026-02-28 11:29:06'),
	(88, 32, 7, 2, 'GE ELEC 3', 'Living in the IT Era', 3, NULL, NULL, 'Second Semester', 1, '2026-02-28 11:29:06', '2026-02-28 11:29:06'),
	(89, 33, 7, 2, 'PATHFIT 4', 'Dance', 2, 'PATHFIT 3', NULL, 'Second Semester', 1, '2026-02-28 11:29:06', '2026-02-28 11:40:04'),
	(90, 34, 7, 3, 'Prof Educ 6', 'Facilitating Learner-Centered Teaching', 3, NULL, NULL, 'First Semester', 1, '2026-02-28 11:29:06', '2026-02-28 11:29:06'),
	(91, 35, 7, 3, 'Prof Educ 7', 'Technology for Teaching and Learning 1', 3, NULL, NULL, 'First Semester', 1, '2026-02-28 11:29:06', '2026-02-28 11:29:06'),
	(92, 36, 7, 3, 'Prof Educ 8', 'Assessment in Learning 1', 3, NULL, NULL, 'First Semester', 1, '2026-02-28 11:29:06', '2026-02-28 11:29:06'),
	(93, 67, 7, 3, 'MC VED 12', 'Teaching Approaches and Strategies in Values Education', 3, NULL, NULL, 'First Semester', 1, '2026-02-28 11:29:06', '2026-02-28 11:29:06'),
	(94, 68, 7, 3, 'ML VEU 13', 'Facilitation: Theory and Practice', 3, NULL, NULL, 'First Semester', 1, '2026-02-28 11:29:06', '2026-02-28 11:29:06'),
	(95, 69, 7, 3, 'MC VED 14', 'Information Technology and Human Development', 3, NULL, NULL, 'First Semester', 1, '2026-02-28 11:29:06', '2026-02-28 11:29:06'),
	(96, 70, 7, 3, 'MC VED 15', 'Values Integration in the Various Discipline', 3, NULL, NULL, 'First Semester', 1, '2026-02-28 11:29:06', '2026-02-28 11:29:06'),
	(97, 71, 7, 3, 'MC VED 16', 'Research in Values Education 1', 3, NULL, NULL, 'First Semester', 1, '2026-02-28 11:29:06', '2026-02-28 11:29:06'),
	(98, 42, 7, 3, 'Prof Educ 9', 'Assessment in Learning 2', 3, NULL, NULL, 'Second Semester', 1, '2026-02-28 11:29:06', '2026-02-28 11:29:06'),
	(99, 43, 7, 3, 'Prof Educ 10', 'Building and Enhancing New Literacies Across the Curriculum', 3, NULL, NULL, 'Second Semester', 1, '2026-02-28 11:29:06', '2026-02-28 11:29:06'),
	(100, 72, 7, 3, 'MC VED 18', 'Philippine Culture and the Society', 3, NULL, NULL, 'Second Semester', 1, '2026-02-28 11:29:06', '2026-02-28 11:29:06'),
	(101, 73, 7, 3, 'MC VED 19', 'Transformative Education', 3, NULL, NULL, 'Second Semester', 1, '2026-02-28 11:29:06', '2026-02-28 11:29:06'),
	(102, 74, 7, 3, 'ML VEU 20', 'Values Fruition through Community Service', 3, NULL, NULL, 'Second Semester', 1, '2026-02-28 11:29:06', '2026-02-28 11:29:06'),
	(103, 75, 7, 3, 'MC VED 21', 'Technology for Teaching and Learning 2 (Religious and Values Education)', 3, 'Prof Educ 7', NULL, 'Second Semester', 1, '2026-02-28 11:29:06', '2026-02-28 11:40:04'),
	(104, 76, 7, 3, 'MC VED 17', 'Research in Values Education 2', 3, 'MC VED 16', NULL, 'Second Semester', 1, '2026-02-28 11:29:06', '2026-02-28 11:40:04'),
	(105, 51, 7, 4, 'Prof Educ 11', 'Field Study 1: Observations of Teaching - Learning in Actual School Environment', 3, 'All GE, All Prof Ed, & All Major Subjects', NULL, 'First Semester', 1, '2026-02-28 11:29:06', '2026-02-28 11:40:04'),
	(106, 52, 7, 4, 'Prof Educ 12', 'Field Study 2: Participation and Teaching Assistantship', 3, 'All GE, All Prof Ed, & All Major Subjects', NULL, 'First Semester', 1, '2026-02-28 11:29:06', '2026-02-28 11:40:04'),
	(107, 53, 7, 4, 'Review 1', 'Enrichment Class (Major Subjects and General Subjects)', 5, 'All GE, All Prof Ed, & All Major Subjects', NULL, 'First Semester', 1, '2026-02-28 11:29:06', '2026-02-28 11:40:04'),
	(108, 54, 7, 4, 'Prof Educ 13', 'Field Study 3: The Teaching Internship', 6, 'All GE, All Prof Ed, & All Major Subjects', NULL, 'Second Semester', 1, '2026-02-28 11:29:06', '2026-02-28 11:40:04'),
	(109, 55, 7, 4, 'Review 2', 'Enrichment Class (Professional Education Subjects)', 6, 'All GE, All Prof Ed, & All Major Subjects', NULL, 'Second Semester', 1, '2026-02-28 11:29:06', '2026-02-28 11:40:04'),
	(110, 2, 6, 1, 'Prof Educ 1', 'The Child and Adolescent Learners and Learning Principles', 3, NULL, NULL, 'First Semester', 1, '2026-02-28 11:49:22', '2026-02-28 11:49:22'),
	(111, 77, 6, 1, 'MC SocStud 1', 'Geography 1 (Human Geography)', 3, NULL, NULL, 'First Semester', 1, '2026-02-28 11:49:22', '2026-02-28 11:49:22'),
	(112, 4, 6, 1, 'GE 1', 'Understanding the Self', 3, NULL, NULL, 'First Semester', 1, '2026-02-28 11:49:22', '2026-02-28 11:49:22'),
	(113, 5, 6, 1, 'GE 2', 'Readings in the Philippine History', 3, NULL, NULL, 'First Semester', 1, '2026-02-28 11:49:22', '2026-02-28 11:49:22'),
	(114, 6, 6, 1, 'GE 3', 'The Contemporary World', 3, NULL, NULL, 'First Semester', 1, '2026-02-28 11:49:22', '2026-02-28 11:49:22'),
	(115, 7, 6, 1, 'GE 4', 'Mathematics in the Modern World', 3, NULL, NULL, 'First Semester', 1, '2026-02-28 11:49:22', '2026-02-28 11:49:22'),
	(116, 13, 6, 1, 'GE 5', 'Purposive Communication', 3, NULL, NULL, 'First Semester', 1, '2026-02-28 11:49:22', '2026-02-28 11:49:22'),
	(117, 8, 6, 1, 'NSTP 1', 'ROTC/LTS/CWTS', 3, NULL, NULL, 'First Semester', 1, '2026-02-28 11:49:22', '2026-02-28 11:49:22'),
	(118, 9, 6, 1, 'PATHFIT 1', 'Movement Competency Training', 2, NULL, NULL, 'First Semester', 1, '2026-02-28 11:49:22', '2026-02-28 11:49:22'),
	(119, 10, 6, 1, 'Prof Educ 2', 'Foundation of Special and Inclusive Education', 3, NULL, NULL, 'Second Semester', 1, '2026-02-28 11:49:22', '2026-02-28 11:49:22'),
	(120, 78, 6, 1, 'MC SocStud 2', 'Geography 2 (Physical Geography)', 3, 'MC SocStud 1', NULL, 'Second Semester', 1, '2026-02-28 11:49:22', '2026-02-28 11:49:22'),
	(121, 14, 6, 1, 'GE 6', 'Art Appreciation', 3, NULL, NULL, 'Second Semester', 1, '2026-02-28 11:49:22', '2026-02-28 11:49:22'),
	(122, 15, 6, 1, 'GE 7', 'Science, Technology and Society', 3, NULL, NULL, 'Second Semester', 1, '2026-02-28 11:49:22', '2026-02-28 11:49:22'),
	(123, 22, 6, 1, 'GE 8', 'Ethics', 3, NULL, NULL, 'Second Semester', 1, '2026-02-28 11:49:22', '2026-02-28 11:49:22'),
	(124, 23, 6, 1, 'GE 9', 'The Life and Works of Rizal', 3, NULL, NULL, 'Second Semester', 1, '2026-02-28 11:49:22', '2026-02-28 11:49:22'),
	(125, 24, 6, 1, 'GE ELEC 1', 'The Entrepreneurial Mind', 3, NULL, NULL, 'Second Semester', 1, '2026-02-28 11:49:22', '2026-02-28 11:49:22'),
	(126, 16, 6, 1, 'NSTP 2', 'ROTC/LTS/CWTS', 3, 'NSTP 1', NULL, 'Second Semester', 1, '2026-02-28 11:49:22', '2026-02-28 11:49:22'),
	(127, 17, 6, 1, 'PATHFIT 2', 'Exercise-Based Fitness Activities', 2, 'PATHFIT 1', NULL, 'Second Semester', 1, '2026-02-28 11:49:22', '2026-02-28 11:49:22'),
	(128, 18, 6, 2, 'Prof Educ 3', 'The Teaching Profession', 3, NULL, NULL, 'First Semester', 1, '2026-02-28 11:49:22', '2026-02-28 11:49:22'),
	(129, 31, 6, 2, 'GE ELEC 2', 'Philippine Popular Culture', 3, NULL, NULL, 'First Semester', 1, '2026-02-28 11:49:22', '2026-02-28 11:49:22'),
	(130, 32, 6, 2, 'GE ELEC 3', 'Living in the IT Era', 3, NULL, NULL, 'First Semester', 1, '2026-02-28 11:49:22', '2026-02-28 11:49:22'),
	(131, 79, 6, 2, 'MC SocStud 3', 'Geography 3 (Urban Geography)', 3, NULL, NULL, 'First Semester', 1, '2026-02-28 11:49:22', '2026-02-28 11:49:22'),
	(132, 80, 6, 2, 'MC SocStud 4', 'Foundation of Social Studies', 3, NULL, NULL, 'First Semester', 1, '2026-02-28 11:49:22', '2026-02-28 11:49:22'),
	(133, 81, 6, 2, 'MC SocStud 5', 'Asian Studies', 3, NULL, NULL, 'First Semester', 1, '2026-02-28 11:49:22', '2026-02-28 11:49:22'),
	(134, 82, 6, 2, 'MC SocStud 6', 'Socio-cultural Anthropology', 3, NULL, NULL, 'First Semester', 1, '2026-02-28 11:49:22', '2026-02-28 11:49:22'),
	(135, 83, 6, 2, 'MC SocStud 7', 'Microeconomics', 3, NULL, NULL, 'First Semester', 1, '2026-02-28 11:49:22', '2026-02-28 11:49:22'),
	(136, 25, 6, 2, 'PATHFIT 3', 'Sports', 2, 'PATHFIT 2', NULL, 'First Semester', 1, '2026-02-28 11:49:22', '2026-02-28 11:49:22'),
	(137, 26, 6, 2, 'Prof Educ 4', 'The Teacher and the School Curriculum', 3, NULL, NULL, 'Second Semester', 1, '2026-02-28 11:49:22', '2026-02-28 11:49:22'),
	(138, 27, 6, 2, 'Prof Educ 5', 'The Teacher and the Community, School Culture, and Organizational Leadership', 3, NULL, NULL, 'Second Semester', 1, '2026-02-28 11:49:22', '2026-02-28 11:49:22'),
	(139, 84, 6, 2, 'MC SocStud 8', 'Macroeconomics', 3, 'MC SocStud 7', NULL, 'Second Semester', 1, '2026-02-28 11:49:22', '2026-02-28 11:49:22'),
	(140, 85, 6, 2, 'MC SocStud 9', 'Law-related Studies', 3, NULL, NULL, 'Second Semester', 1, '2026-02-28 11:49:22', '2026-02-28 11:49:22'),
	(141, 86, 6, 2, 'MC SocStud 10', 'Comparative Government and Politics', 3, NULL, NULL, 'Second Semester', 1, '2026-02-28 11:49:22', '2026-02-28 11:49:22'),
	(142, 87, 6, 2, 'MC SocStud 11', 'Comparative Economic Planning', 3, NULL, NULL, 'Second Semester', 1, '2026-02-28 11:49:22', '2026-02-28 11:49:22'),
	(143, 88, 6, 2, 'MC SocStud 12', 'Trends and Issues in Social Studies', 3, NULL, NULL, 'Second Semester', 1, '2026-02-28 11:49:22', '2026-02-28 11:49:22'),
	(144, 89, 6, 2, 'MC SocStud 13', 'World History 1', 3, NULL, NULL, 'Second Semester', 1, '2026-02-28 11:49:22', '2026-02-28 11:49:22'),
	(145, 33, 6, 2, 'PATHFIT 4', 'Dance', 2, 'PATHFIT 3', NULL, 'Second Semester', 1, '2026-02-28 11:49:22', '2026-02-28 11:49:22'),
	(146, 34, 6, 3, 'Prof Educ 6', 'Facilitating Learner-Centered Teaching', 3, NULL, NULL, 'First Semester', 1, '2026-02-28 11:49:22', '2026-02-28 11:49:22'),
	(147, 35, 6, 3, 'Prof Educ 7', 'Technology for Teaching and Learning 1', 3, NULL, NULL, 'First Semester', 1, '2026-02-28 11:49:22', '2026-02-28 11:49:22'),
	(148, 36, 6, 3, 'Prof Educ 8', 'Assessment in Learning 1', 3, NULL, NULL, 'First Semester', 1, '2026-02-28 11:49:22', '2026-02-28 11:49:22'),
	(149, 90, 6, 3, 'MC SocStud 14', 'World History 2', 3, NULL, NULL, 'First Semester', 1, '2026-02-28 11:49:22', '2026-02-28 11:49:22'),
	(150, 91, 6, 3, 'MC SocStud 15', 'Places and Landscapes in a Changing World', 3, NULL, NULL, 'First Semester', 1, '2026-02-28 11:49:22', '2026-02-28 11:49:22'),
	(151, 92, 6, 3, 'MC SocStud 16', 'Assessment and Evaluation in Social Sciences', 3, NULL, NULL, 'First Semester', 1, '2026-02-28 11:49:22', '2026-02-28 11:49:22'),
	(152, 93, 6, 3, 'MC SocStud 17', 'Research in Social Studies', 3, NULL, NULL, 'First Semester', 1, '2026-02-28 11:49:22', '2026-02-28 11:49:22'),
	(153, 94, 6, 3, 'MC SocStud 18', 'Human Resource Management', 3, NULL, NULL, 'First Semester', 1, '2026-02-28 11:49:22', '2026-02-28 11:49:22'),
	(154, 42, 6, 3, 'Prof Educ 9', 'Assessment in Learning 2', 3, NULL, NULL, 'Second Semester', 1, '2026-02-28 11:49:22', '2026-02-28 11:49:22'),
	(155, 43, 6, 3, 'Prof Educ 10', 'Building and Enhancing New Literacies Across the Curriculum', 3, NULL, NULL, 'Second Semester', 1, '2026-02-28 11:49:22', '2026-02-28 11:49:22'),
	(157, 95, 6, 3, 'MC SocStud 24', 'Research in Social Studies 2', 3, 'MC SocStud 17', NULL, 'Second Semester', 1, '2026-02-28 11:49:56', '2026-02-28 11:49:56'),
	(158, 96, 6, 3, 'MC SocStud 19', 'Integrative Methods in Teaching Social Science Discipline in Basic Education', 3, NULL, NULL, 'Second Semester', 1, '2026-02-28 11:49:56', '2026-02-28 11:49:56'),
	(159, 97, 6, 3, 'MC SocStud 20', 'Production of Social Studies Instructional Materials', 3, NULL, NULL, 'Second Semester', 1, '2026-02-28 11:49:56', '2026-02-28 11:49:56'),
	(160, 98, 6, 3, 'MC SocStud 21', 'Technology for Teaching and Learning 2', 3, 'Prof Educ 7', NULL, 'Second Semester', 1, '2026-02-28 11:49:56', '2026-02-28 11:49:56'),
	(161, 99, 6, 3, 'MC SocStud 22', 'Teaching Approaches in Secondary Social Studies', 3, NULL, NULL, 'Second Semester', 1, '2026-02-28 11:49:56', '2026-02-28 11:49:56'),
	(162, 100, 6, 3, 'MC SocStud 23', 'Property and Management for Educators', 3, NULL, NULL, 'Second Semester', 1, '2026-02-28 11:49:56', '2026-02-28 11:49:56'),
	(163, 51, 6, 4, 'Prof Educ 11', 'Field Study 1: Observations of Teaching - Learning in Actual School Environment', 3, 'All GE, All Prof & Educ, & All Major Subjects', NULL, 'First Semester', 1, '2026-02-28 11:49:56', '2026-02-28 11:49:56'),
	(164, 52, 6, 4, 'Prof Educ 12', 'Field Study 2: Participation and Teaching Assistantship', 3, 'All GE, All Prof & Educ, & All Major Subjects', NULL, 'First Semester', 1, '2026-02-28 11:49:56', '2026-02-28 11:49:56'),
	(165, 53, 6, 4, 'Review 1', 'Enrichment Class (Major Subjects and General Subjects)', 6, 'All GE, All Prof & Educ, & All Major Subjects', NULL, 'First Semester', 1, '2026-02-28 11:49:56', '2026-02-28 11:49:56'),
	(166, 54, 6, 4, 'Prof Educ 13', 'Field Study 3: The Teaching Internship', 6, 'All GE, All Prof & Educ, & All Major Subjects', NULL, 'Second Semester', 1, '2026-02-28 11:49:56', '2026-02-28 11:49:56'),
	(167, 55, 6, 4, 'Review 2', 'Enrichment Class (Professional Education Subjects)', 6, 'All GE, All Prof & Educ, & All Major Subjects', NULL, 'Second Semester', 1, '2026-02-28 11:49:56', '2026-02-28 11:49:56'),
	(168, 2, 4, 1, 'Prof Educ 1', 'The Child and Adolescent Learners and Learning Principles', 3, NULL, NULL, 'First Semester', 1, '2026-02-28 11:56:59', '2026-02-28 11:56:59'),
	(169, 101, 4, 1, 'MC Math 1', 'History of Mathematics', 3, NULL, NULL, 'First Semester', 1, '2026-02-28 11:56:59', '2026-02-28 11:56:59'),
	(170, 4, 4, 1, 'GE 1', 'Understanding the Self', 3, NULL, NULL, 'First Semester', 1, '2026-02-28 11:56:59', '2026-02-28 11:56:59'),
	(171, 5, 4, 1, 'GE 2', 'Readings in the Philippine History', 3, NULL, NULL, 'First Semester', 1, '2026-02-28 11:56:59', '2026-02-28 11:56:59'),
	(172, 6, 4, 1, 'GE 3', 'The Contemporary World', 3, NULL, NULL, 'First Semester', 1, '2026-02-28 11:56:59', '2026-02-28 11:56:59'),
	(173, 7, 4, 1, 'GE 4', 'Mathematics in the Modern World', 3, NULL, NULL, 'First Semester', 1, '2026-02-28 11:56:59', '2026-02-28 11:56:59'),
	(174, 13, 4, 1, 'GE 5', 'Purposive Communication', 3, NULL, NULL, 'First Semester', 1, '2026-02-28 11:56:59', '2026-02-28 11:56:59'),
	(175, 8, 4, 1, 'NSTP 1', 'ROTC/LTS/CWTS', 3, NULL, NULL, 'First Semester', 1, '2026-02-28 11:56:59', '2026-02-28 11:56:59'),
	(176, 9, 4, 1, 'PATHFIT 1', 'Movement Competency Training', 2, NULL, NULL, 'First Semester', 1, '2026-02-28 11:56:59', '2026-02-28 11:56:59'),
	(177, 10, 4, 1, 'Prof Educ 2', 'Foundation of Special and Inclusive Education', 3, NULL, NULL, 'Second Semester', 1, '2026-02-28 11:56:59', '2026-02-28 11:56:59'),
	(178, 102, 4, 1, 'MC Math 2', 'College and Advanced Algebra', 3, NULL, NULL, 'Second Semester', 1, '2026-02-28 11:56:59', '2026-02-28 11:56:59'),
	(179, 14, 4, 1, 'GE 6', 'Art Appreciation', 3, NULL, NULL, 'Second Semester', 1, '2026-02-28 11:56:59', '2026-02-28 11:56:59'),
	(180, 15, 4, 1, 'GE 7', 'Science, Technology and Society', 3, NULL, NULL, 'Second Semester', 1, '2026-02-28 11:56:59', '2026-02-28 11:56:59'),
	(181, 22, 4, 1, 'GE 8', 'Ethics', 3, NULL, NULL, 'Second Semester', 1, '2026-02-28 11:56:59', '2026-02-28 11:56:59'),
	(182, 23, 4, 1, 'GE 9', 'The Life and Works of Rizal', 3, NULL, NULL, 'Second Semester', 1, '2026-02-28 11:56:59', '2026-02-28 11:56:59'),
	(183, 24, 4, 1, 'GE ELEC 1', 'The Entrepreneurial Mind', 3, NULL, NULL, 'Second Semester', 1, '2026-02-28 11:56:59', '2026-02-28 11:56:59'),
	(184, 16, 4, 1, 'NSTP 2', 'ROTC/LTS/CWTS', 3, 'NSTP 1', NULL, 'Second Semester', 1, '2026-02-28 11:56:59', '2026-02-28 11:56:59'),
	(185, 17, 4, 1, 'PATHFIT 2', 'Exercise-Based Fitness Activities', 2, 'PATHFIT 1', NULL, 'Second Semester', 1, '2026-02-28 11:56:59', '2026-02-28 11:56:59'),
	(186, 18, 4, 2, 'Prof Educ 3', 'The Teaching Profession', 3, NULL, NULL, 'First Semester', 1, '2026-02-28 11:56:59', '2026-02-28 11:56:59'),
	(187, 31, 4, 2, 'GE ELEC 2', 'Philippine Popular Culture', 3, NULL, NULL, 'First Semester', 1, '2026-02-28 11:56:59', '2026-02-28 11:56:59'),
	(188, 32, 4, 2, 'GE ELEC 3', 'Living in the IT Era', 3, NULL, NULL, 'First Semester', 1, '2026-02-28 11:56:59', '2026-02-28 11:56:59'),
	(189, 103, 4, 2, 'MC Math 3', 'Mathematics of Investment', 3, 'MC Math 2', NULL, 'First Semester', 1, '2026-02-28 11:56:59', '2026-02-28 11:56:59'),
	(190, 104, 4, 2, 'MC Math 4', 'Trigonometry', 3, 'MC Math 2', NULL, 'First Semester', 1, '2026-02-28 11:56:59', '2026-02-28 11:56:59'),
	(191, 105, 4, 2, 'MC Math 5', 'Plane and Solid Geometry', 3, 'MC Math 2', NULL, 'First Semester', 1, '2026-02-28 11:56:59', '2026-02-28 11:56:59'),
	(192, 106, 4, 2, 'MC Math 6', 'Logic and Set Theory', 3, 'MC Math 2', NULL, 'First Semester', 1, '2026-02-28 11:56:59', '2026-02-28 11:56:59'),
	(193, 25, 4, 2, 'PATHFIT 3', 'Sports', 2, 'PATHFIT 2', NULL, 'First Semester', 1, '2026-02-28 11:56:59', '2026-02-28 11:56:59'),
	(194, 26, 4, 2, 'Prof Educ 4', 'The Teacher and the School Curriculum', 3, NULL, NULL, 'Second Semester', 1, '2026-02-28 11:56:59', '2026-02-28 11:56:59'),
	(195, 27, 4, 2, 'Prof Educ 5', 'The Teacher and the Community, School Culture, and Organizational Leadership', 3, NULL, NULL, 'Second Semester', 1, '2026-02-28 11:56:59', '2026-02-28 11:56:59'),
	(196, 107, 4, 2, 'MC Math 7', 'Linear Algebra', 3, 'MC Math 2', NULL, 'Second Semester', 1, '2026-02-28 11:56:59', '2026-02-28 11:56:59'),
	(197, 108, 4, 2, 'MC Math 8', 'Elementary Statistics and Probability', 3, 'MC Math 2', NULL, 'Second Semester', 1, '2026-02-28 11:56:59', '2026-02-28 11:56:59'),
	(198, 109, 4, 2, 'MC Math 10', 'Calculus 1 with Analytic Geometry', 4, 'MC Math 2, 4, & 5', NULL, 'Second Semester', 1, '2026-02-28 11:56:59', '2026-02-28 11:56:59'),
	(199, 110, 4, 2, 'MC Math 14', 'Modern Geometry', 3, 'MC Math 2, 4, & 5', NULL, 'Second Semester', 1, '2026-02-28 11:56:59', '2026-02-28 11:56:59'),
	(200, 111, 4, 2, 'MC Math 15', 'Technology for Teaching and Learning 2 (Instrumentation and Technology in Mathematics)', 3, NULL, NULL, 'Second Semester', 1, '2026-02-28 11:56:59', '2026-02-28 11:56:59'),
	(201, 33, 4, 2, 'PATHFIT 4', 'Dance', 2, 'PATHFIT 3', NULL, 'Second Semester', 1, '2026-02-28 11:56:59', '2026-02-28 11:56:59'),
	(202, 34, 4, 3, 'Prof Educ 6', 'Facilitating Learner-Centered Teaching', 3, NULL, NULL, 'First Semester', 1, '2026-02-28 11:56:59', '2026-02-28 11:56:59'),
	(203, 35, 4, 3, 'Prof Educ 7', 'Technology for Teaching and Learning 1', 3, NULL, NULL, 'First Semester', 1, '2026-02-28 11:56:59', '2026-02-28 11:56:59'),
	(204, 36, 4, 3, 'Prof Educ 8', 'Assessment in Learning 1', 3, NULL, NULL, 'First Semester', 1, '2026-02-28 11:56:59', '2026-02-28 11:56:59'),
	(205, 112, 4, 3, 'MC Math 11', 'Calculus 2', 4, 'MC Math 10', NULL, 'First Semester', 1, '2026-02-28 11:56:59', '2026-02-28 11:56:59'),
	(206, 113, 4, 3, 'MC Math 13', 'Number Theory', 3, 'MC Math 1, 6', NULL, 'First Semester', 1, '2026-02-28 11:56:59', '2026-02-28 11:56:59'),
	(207, 114, 4, 3, 'MC Math 19', 'Advanced Statistics', 3, 'MC Math 8', NULL, 'First Semester', 1, '2026-02-28 11:56:59', '2026-02-28 11:56:59'),
	(208, 115, 4, 3, 'MC Math 16', 'Research in Mathematics 1', 3, NULL, NULL, 'First Semester', 1, '2026-02-28 11:56:59', '2026-02-28 11:56:59'),
	(209, 116, 4, 3, 'MC Math 20', 'Assessment and Evaluation in Mathematics', 3, NULL, NULL, 'First Semester', 1, '2026-02-28 11:56:59', '2026-02-28 11:56:59'),
	(210, 42, 4, 3, 'Prof Educ 9', 'Assessment in Learning 2', 3, NULL, NULL, 'Second Semester', 1, '2026-02-28 11:56:59', '2026-02-28 11:56:59'),
	(211, 43, 4, 3, 'Prof Educ 10', 'Building and Enhancing New Literacies Across the Curriculum', 3, NULL, NULL, 'Second Semester', 1, '2026-02-28 11:56:59', '2026-02-28 11:56:59'),
	(212, 117, 4, 3, 'MC Math 12', 'Calculus 3', 3, 'MC Math 11', NULL, 'Second Semester', 1, '2026-02-28 11:56:59', '2026-02-28 11:56:59'),
	(213, 118, 4, 3, 'MC Math 17', 'Research in Mathematics 2', 3, 'MC Math 16', NULL, 'Second Semester', 1, '2026-02-28 11:56:59', '2026-02-28 11:56:59'),
	(214, 119, 4, 3, 'MC Math 18', 'Problem-Solving, Mathematical Investigations, and Modelling', 3, 'MC Math 2, 5 & 6', NULL, 'Second Semester', 1, '2026-02-28 11:56:59', '2026-02-28 11:56:59'),
	(215, 120, 4, 3, 'MC Math 22', 'Principles and Strategies of Mathematics Teaching', 3, NULL, NULL, 'Second Semester', 1, '2026-02-28 11:56:59', '2026-02-28 11:56:59'),
	(216, 121, 4, 3, 'MC Math 21', 'Abstract Algebra', 3, 'MC Math 6, 7 & 13', NULL, 'Second Semester', 1, '2026-02-28 11:56:59', '2026-02-28 11:56:59'),
	(217, 51, 4, 4, 'Prof Educ 11', 'Field Study 1: Observations of Teaching - Learning in Actual School Environment', 3, 'All GE, All Prof Educ, & All Major Subjects', NULL, 'First Semester', 1, '2026-02-28 11:56:59', '2026-02-28 11:56:59'),
	(218, 52, 4, 4, 'Prof Educ 12', 'Field Study 2: Participation and Teaching Assistantship', 3, 'All GE, All Prof Educ, & All Major Subjects', NULL, 'First Semester', 1, '2026-02-28 11:56:59', '2026-02-28 11:56:59'),
	(219, 53, 4, 4, 'Review 1', 'Enrichment Class (Major Subjects and General Subjects)', 6, 'All GE, All Prof Educ, & All Major Subjects', NULL, 'First Semester', 1, '2026-02-28 11:56:59', '2026-02-28 11:56:59'),
	(220, 54, 4, 4, 'Prof Educ 13', 'Field Study 3: The Teaching Internship', 6, 'All GE, All Prof Educ, & All Major Subjects', NULL, 'Second Semester', 1, '2026-02-28 11:56:59', '2026-02-28 11:56:59'),
	(221, 55, 4, 4, 'Review 2', 'Enrichment Class (Professional Education Subjects)', 6, 'All GE, All Prof Educ, & All Major Subjects', NULL, 'Second Semester', 1, '2026-02-28 11:56:59', '2026-02-28 11:56:59'),
	(222, 2, 3, 1, 'Prof Educ 1', 'The Child and Adolescent Learners and Learning Principles', 3, NULL, NULL, 'First Semester', 1, '2026-02-28 12:05:13', '2026-02-28 12:05:13'),
	(223, 122, 3, 1, 'MC FIL 1', 'Introduksyon sa Pag-aaral ng Wika', 3, NULL, NULL, 'First Semester', 1, '2026-02-28 12:05:13', '2026-02-28 12:05:13'),
	(224, 123, 3, 1, 'MC FIL 2', 'Panimulang Linggwistika', 3, NULL, NULL, 'First Semester', 1, '2026-02-28 12:05:13', '2026-02-28 12:05:13'),
	(225, 124, 3, 1, 'MC FIL 3', 'Panitikan ng Rehiyon', 3, NULL, NULL, 'First Semester', 1, '2026-02-28 12:05:13', '2026-02-28 12:05:13'),
	(226, 4, 3, 1, 'GE 1', 'Pag-unawa sa Sarili', 3, NULL, NULL, 'First Semester', 1, '2026-02-28 12:05:13', '2026-02-28 12:05:13'),
	(227, 5, 3, 1, 'GE 2', 'Mga Babasahin Hinggil sa Kasaysayan ng Pilipinas', 3, NULL, NULL, 'First Semester', 1, '2026-02-28 12:05:13', '2026-02-28 12:05:13'),
	(228, 6, 3, 1, 'GE 3', 'Ang Kasalukuyang Daigdig', 3, NULL, NULL, 'First Semester', 1, '2026-02-28 12:05:13', '2026-02-28 12:05:13'),
	(229, 8, 3, 1, 'NSTP 1', 'ROTC/LTS/CWTS', 3, NULL, NULL, 'First Semester', 1, '2026-02-28 12:05:13', '2026-02-28 12:05:13'),
	(230, 9, 3, 1, 'PATHFIT 1', 'Movement Competency Training', 2, NULL, NULL, 'First Semester', 1, '2026-02-28 12:05:13', '2026-02-28 12:05:13'),
	(231, 10, 3, 1, 'Prof Educ 2', 'Foundation of Special and Inclusive Education', 3, NULL, NULL, 'Second Semester', 1, '2026-02-28 12:05:13', '2026-02-28 12:05:13'),
	(232, 125, 3, 1, 'MC FIL 4', 'Estruktura ng Wikang Filipino', 3, 'MC FIL 1 & 2', NULL, 'Second Semester', 1, '2026-02-28 12:05:13', '2026-02-28 12:05:13'),
	(233, 126, 3, 1, 'MC FIL 5', 'Barayti at Baryasyon ng Wika', 3, 'MC FIL 1', NULL, 'Second Semester', 1, '2026-02-28 12:05:13', '2026-02-28 12:05:13'),
	(234, 127, 3, 1, 'MC FIL 6', 'Sanaysay at Talumpati', 3, 'MC FIL 4', NULL, 'Second Semester', 1, '2026-02-28 12:05:13', '2026-02-28 12:05:13'),
	(235, 7, 3, 1, 'GE 4', 'Matimatika sa Makabagong Daigdig', 3, NULL, NULL, 'Second Semester', 1, '2026-02-28 12:05:13', '2026-02-28 12:05:13'),
	(236, 13, 3, 1, 'GE 5', 'Malayuning Komunikasyon', 3, NULL, NULL, 'Second Semester', 1, '2026-02-28 12:05:13', '2026-02-28 12:05:13'),
	(237, 14, 3, 1, 'GE 6', 'Art Appreciation', 3, NULL, NULL, 'Second Semester', 1, '2026-02-28 12:05:13', '2026-02-28 12:05:13'),
	(238, 16, 3, 1, 'NSTP 2', 'ROTC/LTS/CWTS', 3, 'NSTP 1', NULL, 'Second Semester', 1, '2026-02-28 12:05:13', '2026-02-28 12:05:13'),
	(239, 17, 3, 1, 'PATHFIT 2', 'Exercise-Based Fitness Activities', 2, 'PATHFIT 1', NULL, 'Second Semester', 1, '2026-02-28 12:05:13', '2026-02-28 12:05:13'),
	(240, 18, 3, 2, 'Prof Educ 3', 'The Teaching Profession', 3, NULL, NULL, 'First Semester', 1, '2026-02-28 12:05:13', '2026-02-28 12:05:13'),
	(241, 15, 3, 2, 'GE 7', 'Agham, Teknolohiya, at Lipunan', 3, NULL, NULL, 'First Semester', 1, '2026-02-28 12:05:13', '2026-02-28 12:05:13'),
	(242, 32, 3, 2, 'GE ELEC 3', 'Living in the IT Era', 3, NULL, NULL, 'First Semester', 1, '2026-02-28 12:05:13', '2026-02-28 12:05:13'),
	(243, 22, 3, 2, 'GE 8', 'Etika', 3, NULL, NULL, 'First Semester', 1, '2026-02-28 12:05:13', '2026-02-28 12:05:13'),
	(244, 23, 3, 2, 'GE 9', 'Ang Buhay at mga Akda ni Rizal', 3, NULL, NULL, 'First Semester', 1, '2026-02-28 12:05:13', '2026-02-28 12:05:13'),
	(245, 128, 3, 2, 'MC FIL 7', 'Ang Filipino sa Kurikulum ng Batayang Edukasyon', 3, 'MC FIL 5 & 6', NULL, 'First Semester', 1, '2026-02-28 12:05:13', '2026-02-28 12:05:13'),
	(246, 129, 3, 2, 'MC FIL 8', 'Pagtuturo at Pagtataya ng Makrong Kasanayang Pangwika', 3, 'MC FIL 5', NULL, 'First Semester', 1, '2026-02-28 12:05:13', '2026-02-28 12:05:13'),
	(247, 130, 3, 2, 'MC FIL 9', 'Paghahanda at Ebalwasyon ng Kagamitang Panturo', 3, NULL, NULL, 'First Semester', 1, '2026-02-28 12:05:13', '2026-02-28 12:05:13'),
	(248, 25, 3, 2, 'PATHFIT 3', 'Sports', 2, 'PATHFIT 2', NULL, 'First Semester', 1, '2026-02-28 12:05:13', '2026-02-28 12:05:13'),
	(249, 26, 3, 2, 'Prof Educ 4', 'The Teacher and the School Curriculum', 3, NULL, NULL, 'Second Semester', 1, '2026-02-28 12:05:13', '2026-02-28 12:05:13'),
	(250, 27, 3, 2, 'Prof Educ 5', 'The Teacher and the Community, School Culture, and Organizational Leadership', 3, NULL, NULL, 'Second Semester', 1, '2026-02-28 12:05:13', '2026-02-28 12:05:13'),
	(251, 24, 3, 2, 'GE ELEC 1', 'The Entrepreneurial Mind', 3, NULL, NULL, 'Second Semester', 1, '2026-02-28 12:05:13', '2026-02-28 12:05:13'),
	(252, 31, 3, 2, 'GE ELEC 2', 'Philippine Popular Culture', 3, NULL, NULL, 'Second Semester', 1, '2026-02-28 12:05:13', '2026-02-28 12:05:13'),
	(253, 131, 3, 2, 'MC FIL 10', 'Maikling Kuwento at Nobelang Filipino', 3, 'MC FIL 6', NULL, 'Second Semester', 1, '2026-02-28 12:05:13', '2026-02-28 12:05:13'),
	(254, 132, 3, 2, 'MC FIL 11', 'Dulaang Filipino', 3, 'MC FIL 8', NULL, 'Second Semester', 1, '2026-02-28 12:05:13', '2026-02-28 12:05:13'),
	(255, 133, 3, 2, 'MC FIL 12', 'Panulaang Filipino', 3, 'MC FIL 8', NULL, 'Second Semester', 1, '2026-02-28 12:05:13', '2026-02-28 12:05:13'),
	(256, 134, 3, 2, 'MC FIL Elec 1', 'Filipino para sa Natatanging Gamit', 3, NULL, NULL, 'Second Semester', 1, '2026-02-28 12:05:13', '2026-02-28 12:05:13'),
	(257, 33, 3, 2, 'PATHFIT 4', 'Dance', 2, 'PATHFIT 3', NULL, 'Second Semester', 1, '2026-02-28 12:05:13', '2026-02-28 12:05:13'),
	(258, 34, 3, 3, 'Prof Educ 6', 'Facilitating Learner-Centered Teaching', 3, NULL, NULL, 'First Semester', 1, '2026-02-28 12:05:13', '2026-02-28 12:05:13'),
	(259, 35, 3, 3, 'Prof Educ 7', 'Technology for Teaching and Learning 1', 3, NULL, NULL, 'First Semester', 1, '2026-02-28 12:05:13', '2026-02-28 12:05:13'),
	(260, 36, 3, 3, 'Prof Educ 8', 'Assessment in Learning 1', 3, NULL, NULL, 'First Semester', 1, '2026-02-28 12:05:13', '2026-02-28 12:05:13'),
	(261, 135, 3, 3, 'MC FIL 13', 'Mga Natatanging Diskurso sa Wika at Panitikan', 3, 'MC FIL 10, 11, & 12', NULL, 'First Semester', 1, '2026-02-28 12:05:13', '2026-02-28 12:05:13'),
	(262, 136, 3, 3, 'MC FIL 14', 'Panunuring Pampanitikan', 3, 'MC FIL 10, 11, & 12', NULL, 'First Semester', 1, '2026-02-28 12:05:13', '2026-02-28 12:05:13'),
	(263, 137, 3, 3, 'MC FIL 15', 'Introduksyon sa Pagsasalin', 3, 'MC FIL 4 & 5', NULL, 'First Semester', 1, '2026-02-28 12:05:13', '2026-02-28 12:05:13'),
	(264, 138, 3, 3, 'MC FIL 16', 'Kulturang Popular', 3, NULL, NULL, 'First Semester', 1, '2026-02-28 12:05:13', '2026-02-28 12:05:13'),
	(265, 139, 3, 3, 'MC FIL 17', 'Pananaliksik sa Filipino 1', 3, NULL, NULL, 'First Semester', 1, '2026-02-28 12:05:13', '2026-02-28 12:05:13'),
	(266, 42, 3, 3, 'Prof Educ 9', 'Assessment in Learning 2', 3, NULL, NULL, 'Second Semester', 1, '2026-02-28 12:05:13', '2026-02-28 12:05:13'),
	(267, 43, 3, 3, 'Prof Educ 10', 'Building and Enhancing New Literacies Across the Curriculum', 3, NULL, NULL, 'Second Semester', 1, '2026-02-28 12:05:13', '2026-02-28 12:05:13'),
	(268, 140, 3, 3, 'MC FIL 18', 'Pananaliksik sa Filipino 2', 3, 'MC FIL 17', NULL, 'Second Semester', 1, '2026-02-28 12:05:13', '2026-02-28 12:05:13'),
	(269, 141, 3, 3, 'MC FIL 19', 'Paggamit ng Teknolohiya sa Pagtuturo ng Filipino', 3, 'Prof Educ 7', NULL, 'Second Semester', 1, '2026-02-28 12:05:13', '2026-02-28 12:05:13'),
	(270, 142, 3, 3, 'MC FIL 20', 'Ugnayan ng Wika, Kultura at Lipunan', 3, 'MC FIL 13', NULL, 'Second Semester', 1, '2026-02-28 12:05:13', '2026-02-28 12:05:13'),
	(271, 143, 3, 3, 'MC FIL 21', 'Introduksyon sa Pamamahayag', 3, 'MC FIL 13', NULL, 'Second Semester', 1, '2026-02-28 12:05:13', '2026-02-28 12:05:13'),
	(272, 144, 3, 3, 'MC FIL Elec 2', 'Malikhaling Pagsulat', 3, NULL, NULL, 'Second Semester', 1, '2026-02-28 12:05:13', '2026-02-28 12:05:13'),
	(273, 145, 3, 3, 'MC FIL 22', 'Introduksyon sa Pananaliksik-Wika at Panitikan', 3, NULL, NULL, 'Second Semester', 1, '2026-02-28 12:05:13', '2026-02-28 12:05:13'),
	(274, 51, 3, 4, 'Prof Educ 11', 'Field Study 1: Observations of Teaching - Learning in Actual School Environment', 3, 'All GE, All Prof Educ, & All Major Subjects', NULL, 'First Semester', 1, '2026-02-28 12:05:13', '2026-02-28 12:05:13'),
	(275, 52, 3, 4, 'Prof Educ 12', 'Field Study 2: Participation and Teaching Assistantship', 3, 'All GE, All Prof Educ, & All Major Subjects', NULL, 'First Semester', 1, '2026-02-28 12:05:13', '2026-02-28 12:05:13'),
	(276, 53, 3, 4, 'Review 1', 'Enrichment Class (Major Subjects and General Subjects)', 6, 'All GE, All Prof Educ, & All Major Subjects', NULL, 'First Semester', 1, '2026-02-28 12:05:13', '2026-02-28 12:05:13'),
	(277, 54, 3, 4, 'Prof Educ 13', 'Field Study 3: The Teaching Internship', 6, 'All GE, All Prof Educ, & All Major Subjects', NULL, 'Second Semester', 1, '2026-02-28 12:05:13', '2026-02-28 12:05:13'),
	(278, 55, 3, 4, 'Review 2', 'Enrichment Class (Professional Education Subjects)', 6, 'All GE, All Prof Educ, & All Major Subjects', NULL, 'Second Semester', 1, '2026-02-28 12:05:13', '2026-02-28 12:05:13'),
	(279, 2, 2, 1, 'Prof Educ 1', 'The Child and Adolescent Learners and Learning Principles', 3, NULL, NULL, 'First Semester', 1, '2026-02-28 12:11:56', '2026-02-28 12:11:56'),
	(280, 146, 2, 1, 'MC ENG 1', 'Introduction to Linguistics', 3, NULL, NULL, 'First Semester', 1, '2026-02-28 12:11:56', '2026-02-28 12:11:56'),
	(281, 4, 2, 1, 'GE 1', 'Understanding the Self', 3, NULL, NULL, 'First Semester', 1, '2026-02-28 12:11:56', '2026-02-28 12:11:56'),
	(282, 5, 2, 1, 'GE 2', 'Readings in the Philippine History', 3, NULL, NULL, 'First Semester', 1, '2026-02-28 12:11:56', '2026-02-28 12:11:56'),
	(283, 6, 2, 1, 'GE 3', 'The Contemporary World', 3, NULL, NULL, 'First Semester', 1, '2026-02-28 12:11:56', '2026-02-28 12:11:56'),
	(284, 7, 2, 1, 'GE 4', 'Mathematics in the Modern World', 3, NULL, NULL, 'First Semester', 1, '2026-02-28 12:11:56', '2026-02-28 12:11:56'),
	(285, 13, 2, 1, 'GE 5', 'Purposive Communication', 3, NULL, NULL, 'First Semester', 1, '2026-02-28 12:11:56', '2026-02-28 12:11:56'),
	(286, 8, 2, 1, 'NSTP 1', 'ROTC/LTS/CWTS', 3, NULL, NULL, 'First Semester', 1, '2026-02-28 12:11:56', '2026-02-28 12:11:56'),
	(287, 9, 2, 1, 'PATHFIT 1', 'Movement Competency Training', 2, NULL, NULL, 'First Semester', 1, '2026-02-28 12:11:56', '2026-02-28 12:11:56'),
	(288, 10, 2, 1, 'Prof Educ 2', 'Foundation of Special and Inclusive Education', 3, NULL, NULL, 'Second Semester', 1, '2026-02-28 12:11:56', '2026-02-28 12:11:56'),
	(289, 147, 2, 1, 'MC ENG 2', 'Language, Culture, and Society', 3, 'MC ENG 1', NULL, 'Second Semester', 1, '2026-02-28 12:11:56', '2026-02-28 12:11:56'),
	(290, 148, 2, 1, 'MC ENG 3', 'Structure of English', 3, 'MC ENG 1', NULL, 'Second Semester', 1, '2026-02-28 12:11:56', '2026-02-28 12:11:56'),
	(291, 14, 2, 1, 'GE 6', 'Art Appreciation', 3, NULL, NULL, 'Second Semester', 1, '2026-02-28 12:11:56', '2026-02-28 12:11:56'),
	(292, 15, 2, 1, 'GE 7', 'Science, Technology and Society', 3, NULL, NULL, 'Second Semester', 1, '2026-02-28 12:11:56', '2026-02-28 12:11:56'),
	(293, 22, 2, 1, 'GE 8', 'Ethics', 3, NULL, NULL, 'Second Semester', 1, '2026-02-28 12:11:56', '2026-02-28 12:11:56'),
	(294, 23, 2, 1, 'GE 9', 'The Life and Works of Rizal', 3, NULL, NULL, 'Second Semester', 1, '2026-02-28 12:11:56', '2026-02-28 12:11:56'),
	(295, 16, 2, 1, 'NSTP 2', 'ROTC/LTS/CWTS', 3, 'NSTP 1', NULL, 'Second Semester', 1, '2026-02-28 12:11:56', '2026-02-28 12:11:56'),
	(296, 17, 2, 1, 'PATHFIT 2', 'Exercise-Based Fitness Activities', 2, 'PATHFIT 1', NULL, 'Second Semester', 1, '2026-02-28 12:11:56', '2026-02-28 12:11:56'),
	(297, 18, 2, 2, 'Prof Educ 3', 'The Teaching Profession', 3, NULL, NULL, 'First Semester', 1, '2026-02-28 12:11:56', '2026-02-28 12:11:56'),
	(298, 24, 2, 2, 'GE ELEC 1', 'The Entrepreneurial Mind', 3, NULL, NULL, 'First Semester', 1, '2026-02-28 12:11:56', '2026-02-28 12:11:56'),
	(299, 31, 2, 2, 'GE ELEC 2', 'Philippine Popular Culture', 3, NULL, NULL, 'First Semester', 1, '2026-02-28 12:11:56', '2026-02-28 12:11:56'),
	(300, 32, 2, 2, 'GE ELEC 3', 'Living in the IT Era', 3, NULL, NULL, 'First Semester', 1, '2026-02-28 12:11:56', '2026-02-28 12:11:56'),
	(301, 149, 2, 2, 'MC ENG 4', 'Principles and Theories of Language Acquisition and Learning', 3, 'MC ENG 2', NULL, 'First Semester', 1, '2026-02-28 12:11:56', '2026-02-28 12:11:56'),
	(302, 150, 2, 2, 'MC ENG 5', 'Teaching and Assessment of the Macro Skills', 3, 'MC ENG 2', NULL, 'First Semester', 1, '2026-02-28 12:11:56', '2026-02-28 12:11:56'),
	(303, 151, 2, 2, 'MC ENG 6', 'Speech and Theatre Arts', 3, 'MC ENG 3', NULL, 'First Semester', 1, '2026-02-28 12:11:56', '2026-02-28 12:11:56'),
	(304, 152, 2, 2, 'MC ENG 7', 'Teaching and Assessment of Grammar', 3, 'MC ENG 3', NULL, 'First Semester', 1, '2026-02-28 12:11:56', '2026-02-28 12:11:56'),
	(305, 153, 2, 2, 'MC ENG COGN 1', 'Creative Writing', 3, NULL, NULL, 'First Semester', 1, '2026-02-28 12:11:56', '2026-02-28 12:11:56'),
	(306, 25, 2, 2, 'PATHFIT 3', 'Sports', 2, 'PATHFIT 2', NULL, 'First Semester', 1, '2026-02-28 12:11:56', '2026-02-28 12:11:56'),
	(307, 26, 2, 2, 'Prof Educ 4', 'The Teacher and the School Curriculum', 3, NULL, NULL, 'Second Semester', 1, '2026-02-28 12:11:56', '2026-02-28 12:11:56'),
	(308, 27, 2, 2, 'Prof Educ 5', 'The Teacher and the Community, School Culture, and Organizational Leadership', 3, NULL, NULL, 'Second Semester', 1, '2026-02-28 12:11:56', '2026-02-28 12:11:56'),
	(309, 154, 2, 2, 'MC ENG 8', 'Mythology and Folklore', 3, 'MC ENG 2', NULL, 'Second Semester', 1, '2026-02-28 12:11:56', '2026-02-28 12:11:56'),
	(310, 155, 2, 2, 'MC ENG 9', 'Technical Writing', 3, 'MC ENG 3', NULL, 'Second Semester', 1, '2026-02-28 12:11:56', '2026-02-28 12:11:56'),
	(311, 156, 2, 2, 'MC ENG 10', 'Language Programs and Policies in Multilingual Societies', 3, 'MC ENG 4', NULL, 'Second Semester', 1, '2026-02-28 12:11:56', '2026-02-28 12:11:56'),
	(312, 157, 2, 2, 'MC ENG 11', 'Preparation of Language Learning Materials Development', 3, 'MC ENG 4', NULL, 'Second Semester', 1, '2026-02-28 12:11:56', '2026-02-28 12:11:56'),
	(313, 158, 2, 2, 'MC ENG 12', 'Language Education Research', 3, 'MC ENG 4', NULL, 'Second Semester', 1, '2026-02-28 12:11:56', '2026-02-28 12:11:56'),
	(314, 159, 2, 2, 'MC ENG 13', 'Children and Adolescent Literature', 3, 'MC ENG 4', NULL, 'Second Semester', 1, '2026-02-28 12:11:56', '2026-02-28 12:11:56'),
	(315, 160, 2, 2, 'MC ENG COGN 2', 'Stylistics and Discourse Analysis', 3, NULL, NULL, 'Second Semester', 1, '2026-02-28 12:11:56', '2026-02-28 12:11:56'),
	(316, 33, 2, 2, 'PATHFIT 4', 'Dance', 2, 'PATHFIT 3', NULL, 'Second Semester', 1, '2026-02-28 12:11:56', '2026-02-28 12:11:56'),
	(317, 34, 2, 3, 'Prof Educ 6', 'Facilitating Learner-Centered Teaching', 3, NULL, NULL, 'First Semester', 1, '2026-02-28 12:11:56', '2026-02-28 12:11:56'),
	(318, 35, 2, 3, 'Prof Educ 7', 'Technology for Teaching and Learning 1', 3, NULL, NULL, 'First Semester', 1, '2026-02-28 12:11:56', '2026-02-28 12:11:56'),
	(319, 36, 2, 3, 'Prof Educ 8', 'Assessment in Learning 1', 3, NULL, NULL, 'First Semester', 1, '2026-02-28 12:11:56', '2026-02-28 12:11:56'),
	(320, 161, 2, 3, 'MC ENG 14', 'Survey of Philippine Literature in English', 3, 'MC ENG 13', NULL, 'First Semester', 1, '2026-02-28 12:11:56', '2026-02-28 12:11:56'),
	(321, 162, 2, 3, 'MC ENG 15', 'Survey of Afro-Asian Literature', 3, 'MC ENG 13', NULL, 'First Semester', 1, '2026-02-28 12:11:56', '2026-02-28 12:11:56'),
	(322, 163, 2, 3, 'MC ENG 16', 'Survey of English and American Literature', 3, 'MC ENG 13', NULL, 'First Semester', 1, '2026-02-28 12:11:56', '2026-02-28 12:11:56'),
	(323, 164, 2, 3, 'MC ENG 17', 'Contemporary, Popular, and Emergent Literature', 3, 'MC ENG 13', NULL, 'First Semester', 1, '2026-02-28 12:11:56', '2026-02-28 12:11:56'),
	(324, 165, 2, 3, 'MC ENG 18', 'Thesis Writing 1', 3, NULL, NULL, 'First Semester', 1, '2026-02-28 12:11:56', '2026-02-28 12:11:56'),
	(325, 42, 2, 3, 'Prof Educ 9', 'Assessment in Learning 2', 3, NULL, NULL, 'Second Semester', 1, '2026-02-28 12:11:56', '2026-02-28 12:11:56'),
	(326, 43, 2, 3, 'Prof Educ 10', 'Building and Enhancing New Literacies Across the Curriculum', 3, NULL, NULL, 'Second Semester', 1, '2026-02-28 12:11:56', '2026-02-28 12:11:56'),
	(327, 166, 2, 3, 'MC ENG 19', 'Thesis Writing 2', 3, 'MC ENG 18', NULL, 'Second Semester', 1, '2026-02-28 12:11:56', '2026-02-28 12:11:56'),
	(328, 167, 2, 3, 'MC ENG 20', 'Campus Journalism', 3, 'MC ENG 9', NULL, 'Second Semester', 1, '2026-02-28 12:11:56', '2026-02-28 12:11:56'),
	(329, 168, 2, 3, 'MC ENG 21', 'Literary Criticism', 3, 'MC ENG 8, 13, 14, 15, 16, 17', NULL, 'Second Semester', 1, '2026-02-28 12:11:56', '2026-02-28 12:11:56'),
	(330, 169, 2, 3, 'MC ENG 22', 'Technology for Teaching and Learning 2 (Technology in Language Education)', 3, NULL, NULL, 'Second Semester', 1, '2026-02-28 12:11:56', '2026-02-28 12:11:56'),
	(331, 170, 2, 3, 'MC ENG 23', 'Teaching and Assessment of Literature Studies', 3, NULL, NULL, 'Second Semester', 1, '2026-02-28 12:11:56', '2026-02-28 12:11:56'),
	(332, 51, 2, 4, 'Prof Educ 11', 'Field Study 1: Observations of Teaching - Learning in Actual School Environment', 3, 'All GE, All Prof Educ, & All Major Subjects', NULL, 'First Semester', 1, '2026-02-28 12:11:56', '2026-02-28 12:11:56'),
	(333, 52, 2, 4, 'Prof Educ 12', 'Field Study 2: Participation and Teaching Assistantship', 3, 'All GE, All Prof Educ, & All Major Subjects', NULL, 'First Semester', 1, '2026-02-28 12:11:56', '2026-02-28 12:11:56'),
	(334, 53, 2, 4, 'Review 1', 'Enrichment Class (Major Subjects and General Subjects)', 6, 'All GE, All Prof Educ, & All Major Subjects', NULL, 'First Semester', 1, '2026-02-28 12:11:56', '2026-02-28 12:11:56'),
	(335, 54, 2, 4, 'Prof Educ 13', 'Field Study 3: The Teaching Internship', 6, 'All GE, All Prof Educ, & All Major Subjects', NULL, 'Second Semester', 1, '2026-02-28 12:11:56', '2026-02-28 12:11:56'),
	(336, 55, 2, 4, 'Review 2', 'Enrichment Class (Professional Education Subjects)', 6, 'All GE, All Prof Educ, & All Major Subjects', NULL, 'Second Semester', 1, '2026-02-28 12:11:56', '2026-02-28 12:11:56'),
	(337, 2, 8, 1, 'Prof Educ 1', 'The Child and Adolescent Learners and Learning Principles', 3, NULL, NULL, 'First Semester', 1, '2026-02-28 12:18:05', '2026-02-28 12:18:05'),
	(338, 171, 8, 1, 'PEd 1', 'Anatomy and Physiology of Human Movements', 3, NULL, NULL, 'First Semester', 1, '2026-02-28 12:18:05', '2026-02-28 12:18:05'),
	(339, 4, 8, 1, 'GE 1', 'Understanding the Self', 3, NULL, NULL, 'First Semester', 1, '2026-02-28 12:18:05', '2026-02-28 12:18:05'),
	(340, 5, 8, 1, 'GE 2', 'Readings in the Philippine History', 3, NULL, NULL, 'First Semester', 1, '2026-02-28 12:18:05', '2026-02-28 12:18:05'),
	(341, 6, 8, 1, 'GE 3', 'The Contemporary World', 3, NULL, NULL, 'First Semester', 1, '2026-02-28 12:18:05', '2026-02-28 12:18:05'),
	(342, 7, 8, 1, 'GE 4', 'Mathematics in the Modern World', 3, NULL, NULL, 'First Semester', 1, '2026-02-28 12:18:05', '2026-02-28 12:18:05'),
	(343, 13, 8, 1, 'GE 5', 'Purposive Communication', 3, NULL, NULL, 'First Semester', 1, '2026-02-28 12:18:05', '2026-02-28 12:18:05'),
	(344, 8, 8, 1, 'NSTP 1', 'ROTC/LTS/CWTS', 3, NULL, NULL, 'First Semester', 1, '2026-02-28 12:18:05', '2026-02-28 12:18:05'),
	(345, 9, 8, 1, 'PATHFIT 1', 'Movement Competency Training', 2, NULL, NULL, 'First Semester', 1, '2026-02-28 12:18:05', '2026-02-28 12:18:05'),
	(346, 10, 8, 1, 'Prof Educ 2', 'Foundation of Special and Inclusive Education', 3, NULL, NULL, 'Second Semester', 1, '2026-02-28 12:18:05', '2026-02-28 12:18:05'),
	(347, 172, 8, 1, 'PEd 2', 'Principles, Motor Control and Learning of Exercise, Sports and Dance', 3, NULL, NULL, 'Second Semester', 1, '2026-02-28 12:18:05', '2026-02-28 12:18:05'),
	(348, 14, 8, 1, 'GE 6', 'Art Appreciation', 3, NULL, NULL, 'Second Semester', 1, '2026-02-28 12:18:05', '2026-02-28 12:18:05'),
	(349, 15, 8, 1, 'GE 7', 'Science, Technology and Society', 3, NULL, NULL, 'Second Semester', 1, '2026-02-28 12:18:05', '2026-02-28 12:18:05'),
	(350, 22, 8, 1, 'GE 8', 'Ethics', 3, NULL, NULL, 'Second Semester', 1, '2026-02-28 12:18:05', '2026-02-28 12:18:05'),
	(351, 23, 8, 1, 'GE 9', 'The Life and Works of Rizal', 3, NULL, NULL, 'Second Semester', 1, '2026-02-28 12:18:05', '2026-02-28 12:18:05'),
	(352, 24, 8, 1, 'GE ELEC 1', 'The Entrepreneurial Mind', 3, NULL, NULL, 'Second Semester', 1, '2026-02-28 12:18:05', '2026-02-28 12:18:05'),
	(353, 16, 8, 1, 'NSTP 2', 'ROTC/LTS/CWTS', 3, 'NSTP 1', NULL, 'Second Semester', 1, '2026-02-28 12:18:05', '2026-02-28 12:18:05'),
	(354, 17, 8, 1, 'PATHFIT 2', 'Exercise-Based Fitness Activities', 2, 'PATHFIT 1', NULL, 'Second Semester', 1, '2026-02-28 12:18:05', '2026-02-28 12:18:05'),
	(355, 18, 8, 2, 'Prof Educ 3', 'The Teaching Profession', 3, NULL, NULL, 'First Semester', 1, '2026-02-28 12:18:05', '2026-02-28 12:18:05'),
	(356, 31, 8, 2, 'GE ELEC 2', 'Philippine Popular Culture', 3, NULL, NULL, 'First Semester', 1, '2026-02-28 12:18:05', '2026-02-28 12:18:05'),
	(357, 32, 8, 2, 'GE ELEC 3', 'Living in the IT Era', 3, NULL, NULL, 'First Semester', 1, '2026-02-28 12:18:05', '2026-02-28 12:18:05'),
	(358, 173, 8, 2, 'PEd 3', 'Philosophical and Socio-anthropological Foundations of Physical Education and Sports', 3, NULL, NULL, 'First Semester', 1, '2026-02-28 12:18:05', '2026-02-28 12:18:05'),
	(359, 174, 8, 2, 'PEd 4', 'Physiology of Exercises and Physical Activity', 3, NULL, NULL, 'First Semester', 1, '2026-02-28 12:18:05', '2026-02-28 12:18:05'),
	(360, 175, 8, 2, 'PEd 5', 'Sports and Exercise Psychology', 3, NULL, NULL, 'First Semester', 1, '2026-02-28 12:18:05', '2026-02-28 12:18:05'),
	(361, 176, 8, 2, 'PEd 6', 'Applied Motor Control and Learning of Exercise, Sports and Dances', 3, NULL, NULL, 'First Semester', 1, '2026-02-28 12:18:05', '2026-02-28 12:18:05'),
	(362, 177, 8, 2, 'PEd 7', 'International Dance and other Forms', 3, NULL, NULL, 'First Semester', 1, '2026-02-28 12:18:05', '2026-02-28 12:18:05'),
	(363, 25, 8, 2, 'PATHFIT 3', 'Sports', 2, 'PATHFIT 2', NULL, 'First Semester', 1, '2026-02-28 12:18:05', '2026-02-28 12:18:05'),
	(364, 26, 8, 2, 'Prof Educ 4', 'The Teacher and the School Curriculum', 3, NULL, NULL, 'Second Semester', 1, '2026-02-28 12:18:05', '2026-02-28 12:18:05'),
	(365, 27, 8, 2, 'Prof Educ 5', 'The Teacher and the Community, School Culture, and Organizational Leadership', 3, NULL, NULL, 'Second Semester', 1, '2026-02-28 12:18:05', '2026-02-28 12:18:05'),
	(366, 178, 8, 2, 'PEd 8', 'Curriculum and Assessment for Physical Education and Health', 3, NULL, NULL, 'Second Semester', 1, '2026-02-28 12:18:05', '2026-02-28 12:18:05'),
	(367, 179, 8, 2, 'PEd 9', 'Process of Teaching PE and Health Education', 3, NULL, NULL, 'Second Semester', 1, '2026-02-28 12:18:05', '2026-02-28 12:18:05'),
	(368, 180, 8, 2, 'PEd 10', 'Technology for Teaching and Learning 2 (Technology Application in Teaching Physical Education and Health Education)', 3, NULL, NULL, 'Second Semester', 1, '2026-02-28 12:18:05', '2026-02-28 12:18:05'),
	(369, 181, 8, 2, 'PEd 11', 'Movement Education', 3, NULL, NULL, 'Second Semester', 1, '2026-02-28 12:18:05', '2026-02-28 12:18:05'),
	(370, 182, 8, 2, 'PEd 12', 'Philippine Traditional Dances', 3, NULL, NULL, 'Second Semester', 1, '2026-02-28 12:18:05', '2026-02-28 12:18:05'),
	(371, 183, 8, 2, 'PEd 13', 'Individual and Dual Sports', 3, NULL, NULL, 'Second Semester', 1, '2026-02-28 12:18:05', '2026-02-28 12:18:05'),
	(372, 33, 8, 2, 'PATHFIT 4', 'Dance', 2, 'PATHFIT 3', NULL, 'Second Semester', 1, '2026-02-28 12:18:05', '2026-02-28 12:18:05'),
	(373, 34, 8, 3, 'Prof Educ 6', 'Facilitating Learner-Centered Teaching', 3, NULL, NULL, 'First Semester', 1, '2026-02-28 12:18:05', '2026-02-28 12:18:05'),
	(374, 35, 8, 3, 'Prof Educ 7', 'Technology for Teaching and Learning 1', 3, NULL, NULL, 'First Semester', 1, '2026-02-28 12:18:05', '2026-02-28 12:18:05'),
	(375, 36, 8, 3, 'Prof Educ 8', 'Assessment in Learning 1', 3, NULL, NULL, 'First Semester', 1, '2026-02-28 12:18:05', '2026-02-28 12:18:05'),
	(376, 184, 8, 3, 'PEd Elec 1', 'Prevention and Management of Exercise and Sports-related Injuries', 3, NULL, NULL, 'First Semester', 1, '2026-02-28 12:18:05', '2026-02-28 12:18:05'),
	(377, 185, 8, 3, 'PEd 14', 'Team Sports', 3, NULL, NULL, 'First Semester', 1, '2026-02-28 12:18:05', '2026-02-28 12:18:05'),
	(378, 186, 8, 3, 'PEd 15', 'Philippine Traditional Games and Sports', 3, NULL, NULL, 'First Semester', 1, '2026-02-28 12:18:05', '2026-02-28 12:18:05'),
	(379, 187, 8, 3, 'PEd 16', 'Swimming and Aquatics', 3, NULL, NULL, 'First Semester', 1, '2026-02-28 12:18:05', '2026-02-28 12:18:05'),
	(380, 188, 8, 3, 'PEd 17', 'Research I', 3, NULL, NULL, 'First Semester', 1, '2026-02-28 12:18:05', '2026-02-28 12:18:05'),
	(381, 42, 8, 3, 'Prof Educ 9', 'Assessment in Learning 2', 3, NULL, NULL, 'Second Semester', 1, '2026-02-28 12:18:05', '2026-02-28 12:18:05'),
	(382, 43, 8, 3, 'Prof Educ 10', 'Building and Enhancing New Literacies Across the Curriculum', 3, NULL, NULL, 'Second Semester', 1, '2026-02-28 12:18:05', '2026-02-28 12:18:05'),
	(383, 189, 8, 3, 'PEd 18', 'Research II', 3, 'PEd 17', NULL, 'Second Semester', 1, '2026-02-28 12:18:05', '2026-02-28 12:18:05'),
	(384, 190, 8, 3, 'PEd 19', 'Coordinated School Health Program', 3, NULL, NULL, 'Second Semester', 1, '2026-02-28 12:18:05', '2026-02-28 12:18:05'),
	(385, 191, 8, 3, 'PEd 20', 'Personal, Community and Environmental Health', 3, NULL, NULL, 'Second Semester', 1, '2026-02-28 12:18:05', '2026-02-28 12:18:05'),
	(386, 192, 8, 3, 'PEd 21', 'Emergency Preparedness and Safety Management', 3, NULL, NULL, 'Second Semester', 1, '2026-02-28 12:18:05', '2026-02-28 12:18:05'),
	(387, 193, 8, 3, 'PEd 22', 'Drug Education, Consumer Health Education and Healthy Eating', 3, NULL, NULL, 'Second Semester', 1, '2026-02-28 12:18:05', '2026-02-28 12:18:05'),
	(388, 194, 8, 3, 'PEd Elec 2', 'Contemporary Issues in PE, Health and Sports', 3, NULL, NULL, 'Second Semester', 1, '2026-02-28 12:18:05', '2026-02-28 12:18:05'),
	(389, 51, 8, 4, 'Prof Educ 11', 'Field Study 1: Observations of Teaching - Learning in Actual School Environment', 3, 'All GE, All Prof Educ, & All Major Subjects', NULL, 'First Semester', 1, '2026-02-28 12:18:05', '2026-02-28 12:18:05'),
	(390, 52, 8, 4, 'Prof Educ 12', 'Field Study 2: Participation and Teaching Assistantship', 3, 'All GE, All Prof Educ, & All Major Subjects', NULL, 'First Semester', 1, '2026-02-28 12:18:05', '2026-02-28 12:18:05'),
	(391, 53, 8, 4, 'Review 1', 'Enrichment Class (Major Subjects and General Subjects)', 6, 'All GE, All Prof Educ, & All Major Subjects', NULL, 'First Semester', 1, '2026-02-28 12:18:05', '2026-02-28 12:18:05'),
	(392, 54, 8, 4, 'Prof Educ 13', 'Field Study 3: The Teaching Internship', 6, 'All GE, All Prof Educ, & All Major Subjects', NULL, 'Second Semester', 1, '2026-02-28 12:18:05', '2026-02-28 12:18:05'),
	(393, 55, 8, 4, 'Review 2', 'Enrichment Class (Professional Education Subjects)', 6, 'All GE, All Prof Educ, & All Major Subjects', NULL, 'Second Semester', 1, '2026-02-28 12:18:05', '2026-02-28 12:18:05'),
	(394, 2, 9, 1, 'Prof Educ 1', 'The Child and Adolescent Learners and Learning Principles', 3, NULL, NULL, 'First Semester', 1, '2026-02-28 12:24:38', '2026-02-28 12:24:38'),
	(395, 195, 9, 1, 'CAEd 1', 'Foundation of Culture and Arts Education', 3, NULL, NULL, 'First Semester', 1, '2026-02-28 12:24:38', '2026-02-28 12:24:38'),
	(396, 4, 9, 1, 'GE 1', 'Understanding the Self', 3, NULL, NULL, 'First Semester', 1, '2026-02-28 12:24:38', '2026-02-28 12:24:38'),
	(397, 5, 9, 1, 'GE 2', 'Readings in the Philippine History', 3, NULL, NULL, 'First Semester', 1, '2026-02-28 12:24:38', '2026-02-28 12:24:38'),
	(398, 6, 9, 1, 'GE 3', 'The Contemporary World', 3, NULL, NULL, 'First Semester', 1, '2026-02-28 12:24:38', '2026-02-28 12:24:38'),
	(399, 7, 9, 1, 'GE 4', 'Mathematics in the Modern World', 3, NULL, NULL, 'First Semester', 1, '2026-02-28 12:24:38', '2026-02-28 12:24:38'),
	(400, 13, 9, 1, 'GE 5', 'Purposive Communication', 3, NULL, NULL, 'First Semester', 1, '2026-02-28 12:24:38', '2026-02-28 12:24:38'),
	(401, 8, 9, 1, 'NSTP 1', 'ROTC/LTS/CWTS', 3, NULL, NULL, 'First Semester', 1, '2026-02-28 12:24:38', '2026-02-28 12:24:38'),
	(402, 9, 9, 1, 'PATHFIT 1', 'Movement Competency Training', 2, NULL, NULL, 'First Semester', 1, '2026-02-28 12:24:38', '2026-02-28 12:24:38'),
	(403, 10, 9, 1, 'Prof Educ 2', 'Foundation of Special and Inclusive Education', 3, NULL, NULL, 'Second Semester', 1, '2026-02-28 12:24:38', '2026-02-28 12:24:38'),
	(404, 196, 9, 1, 'CAEd 2', 'Perspective in Philippine Cultural Heritage', 3, NULL, NULL, 'Second Semester', 1, '2026-02-28 12:24:38', '2026-02-28 12:24:38'),
	(405, 14, 9, 1, 'GE 6', 'Art Appreciation', 3, NULL, NULL, 'Second Semester', 1, '2026-02-28 12:24:38', '2026-02-28 12:24:38'),
	(406, 15, 9, 1, 'GE 7', 'Science, Technology and Society', 3, NULL, NULL, 'Second Semester', 1, '2026-02-28 12:24:38', '2026-02-28 12:24:38'),
	(407, 22, 9, 1, 'GE 8', 'Ethics', 3, NULL, NULL, 'Second Semester', 1, '2026-02-28 12:24:38', '2026-02-28 12:24:38'),
	(408, 23, 9, 1, 'GE 9', 'The Life and Works of Rizal', 3, NULL, NULL, 'Second Semester', 1, '2026-02-28 12:24:38', '2026-02-28 12:24:38'),
	(409, 24, 9, 1, 'GE ELEC 1', 'The Entrepreneurial Mind', 3, NULL, NULL, 'Second Semester', 1, '2026-02-28 12:24:38', '2026-02-28 12:24:38'),
	(410, 16, 9, 1, 'NSTP 2', 'ROTC/LTS/CWTS', 3, 'NSTP 1', NULL, 'Second Semester', 1, '2026-02-28 12:24:38', '2026-02-28 12:24:38'),
	(411, 17, 9, 1, 'PATHFIT 2', 'Exercise-Based Fitness Activities', 2, 'PATHFIT 1', NULL, 'Second Semester', 1, '2026-02-28 12:24:38', '2026-02-28 12:24:38'),
	(412, 18, 9, 2, 'Prof Educ 3', 'The Teaching Profession', 3, NULL, NULL, 'First Semester', 1, '2026-02-28 12:24:38', '2026-02-28 12:24:38'),
	(413, 31, 9, 2, 'GE ELEC 2', 'Philippine Popular Culture', 3, NULL, NULL, 'First Semester', 1, '2026-02-28 12:24:38', '2026-02-28 12:24:38'),
	(414, 32, 9, 2, 'GE ELEC 3', 'Living in the IT Era', 3, NULL, NULL, 'First Semester', 1, '2026-02-28 12:24:38', '2026-02-28 12:24:38'),
	(415, 197, 9, 2, 'CAEd 3', 'Principles and Practices in Creative Expressions: Music Overview I - The Philosophical and Historical Foundations of Creative Expressions in Sound-I', 3, 'CAEd 1', NULL, 'First Semester', 1, '2026-02-28 12:24:38', '2026-02-28 12:24:38'),
	(416, 198, 9, 2, 'CAEd 4', 'Principles and Practices in Creative Expressions: Visual Arts Overview I - Visual Arts in Traditional Societies Form, Meaning and Process in the Visual Arts of Traditional Societies', 3, 'CAEd 1', NULL, 'First Semester', 1, '2026-02-28 12:24:38', '2026-02-28 12:24:38'),
	(417, 199, 9, 2, 'CAEd 5', 'Principles and Practices in Creative Expressions: Dance Overview I - Foundations of Dance', 3, 'CAEd 1', NULL, 'First Semester', 1, '2026-02-28 12:24:38', '2026-02-28 12:24:38'),
	(418, 200, 9, 2, 'CAEd 6', 'Principles and Practices in Creative Expressions: Drama Overview I: The Philosophical and Educational Foundations of Creative Drama', 3, 'CAEd 1', NULL, 'First Semester', 1, '2026-02-28 12:24:38', '2026-02-28 12:24:38'),
	(419, 201, 9, 2, 'CAEd Elec 1', 'Elective-Creative Industries as Culture and Arts Practice', 3, NULL, NULL, 'First Semester', 1, '2026-02-28 12:24:38', '2026-02-28 12:24:38'),
	(420, 25, 9, 2, 'PATHFIT 3', 'Sports', 2, 'PATHFIT 2', NULL, 'First Semester', 1, '2026-02-28 12:24:38', '2026-02-28 12:24:38'),
	(421, 26, 9, 2, 'Prof Educ 4', 'The Teacher and the School Curriculum', 3, NULL, NULL, 'Second Semester', 1, '2026-02-28 12:24:38', '2026-02-28 12:24:38'),
	(422, 27, 9, 2, 'Prof Educ 5', 'The Teacher and the Community, School Culture, and Organizational Leadership', 3, NULL, NULL, 'Second Semester', 1, '2026-02-28 12:24:38', '2026-02-28 12:24:38'),
	(423, 202, 9, 2, 'CAEd 7', 'Culture and Arts Education in Plural Societies', 3, NULL, NULL, 'Second Semester', 1, '2026-02-28 12:24:38', '2026-02-28 12:24:38'),
	(424, 203, 9, 2, 'CAEd 8', 'Principles and Practices in Creative Expressions: Music Overview II - The Philosophical and Historical Foundations of Creative Expressions in Sound-II', 3, 'CAEd 3', NULL, 'Second Semester', 1, '2026-02-28 12:24:38', '2026-02-28 12:24:38'),
	(425, 204, 9, 2, 'CAEd 9', 'Principles and Practices in Creative Expressions: Visual Arts Overview II - Contemporary Art in Various Contexts Design and Method in Contemporary Visual Arts', 3, 'CAEd 4', NULL, 'Second Semester', 1, '2026-02-28 12:24:38', '2026-02-28 12:24:38'),
	(426, 205, 9, 2, 'CAEd 10', 'Principles and Practices in Creative Expressions: Dance Overview II - Philippine Traditional Dances', 3, 'CAEd 5', NULL, 'Second Semester', 1, '2026-02-28 12:24:38', '2026-02-28 12:24:38'),
	(427, 206, 9, 2, 'CAEd 11', 'Principles and Practices in Creative Expressions: Drama Overview II - Introduction to the Basic Elements of Drama and Theater Production', 3, 'CAEd 6', NULL, 'Second Semester', 1, '2026-02-28 12:24:38', '2026-02-28 12:24:38'),
	(428, 207, 9, 2, 'CAEd 12', 'Art Apprenticeship I', 3, NULL, NULL, 'Second Semester', 1, '2026-02-28 12:24:38', '2026-02-28 12:24:38'),
	(429, 33, 9, 2, 'PATHFIT 4', 'Dance', 2, 'PATHFIT 3', NULL, 'Second Semester', 1, '2026-02-28 12:24:38', '2026-02-28 12:24:38'),
	(430, 34, 9, 3, 'Prof Educ 6', 'Facilitating Learner-Centered Teaching', 3, NULL, NULL, 'First Semester', 1, '2026-02-28 12:24:38', '2026-02-28 12:24:38'),
	(431, 35, 9, 3, 'Prof Educ 7', 'Technology for Teaching and Learning 1', 3, NULL, NULL, 'First Semester', 1, '2026-02-28 12:24:38', '2026-02-28 12:24:38'),
	(432, 36, 9, 3, 'Prof Educ 8', 'Assessment in Learning 1', 3, NULL, NULL, 'First Semester', 1, '2026-02-28 12:24:38', '2026-02-28 12:24:38'),
	(433, 208, 9, 3, 'CAEd 14', 'Principles and Practices in Creative Expressions: Music Overview III - Music Pedagogy I (Teaching Methods in Music for K-6)', 3, 'CAEd 8', NULL, 'First Semester', 1, '2026-02-28 12:24:38', '2026-02-28 12:24:38'),
	(434, 209, 9, 3, 'CAEd 15', 'Principles and Practices in Creative Expressions: Visual Arts Overview III - Analysis and Critical Understanding of the Visual Arts', 3, 'CAEd 9', NULL, 'First Semester', 1, '2026-02-28 12:24:38', '2026-02-28 12:24:38'),
	(435, 210, 9, 3, 'CAEd 16', 'Principles and Practices in Creative Expressions: Dance Overview III - International Dance and other Forms', 3, 'CAEd 10', NULL, 'First Semester', 1, '2026-02-28 12:24:38', '2026-02-28 12:24:38'),
	(436, 211, 9, 3, 'CAEd 17', 'Principles and Practices in Creative Expressions: Drama Overview III - Dramaturgy and Aesthetics in Philippine and Non-Philippine Theater Classics', 3, 'CAEd 11', NULL, 'First Semester', 1, '2026-02-28 12:24:38', '2026-02-28 12:24:38'),
	(437, 212, 9, 3, 'CAEd 13', 'Art Apprenticeship II', 3, 'CAEd 12', NULL, 'First Semester', 1, '2026-02-28 12:24:38', '2026-02-28 12:24:38'),
	(438, 213, 9, 3, 'CAEd 18', 'Research I - Arts and Culture Research', 3, NULL, NULL, 'First Semester', 1, '2026-02-28 12:24:38', '2026-02-28 12:24:38'),
	(439, 42, 9, 3, 'Prof Educ 9', 'Assessment in Learning 2', 3, NULL, NULL, 'Second Semester', 1, '2026-02-28 12:24:38', '2026-02-28 12:24:38'),
	(440, 43, 9, 3, 'Prof Educ 10', 'Building and Enhancing New Literacies Across the Curriculum', 3, NULL, NULL, 'Second Semester', 1, '2026-02-28 12:24:38', '2026-02-28 12:24:38'),
	(441, 214, 9, 3, 'CAEd 20', 'Principles and Practices in Creative Expressions: Music Overview IV - Teaching Methods in Music for Junior and Senior High School', 3, 'CAEd 14', NULL, 'Second Semester', 1, '2026-02-28 12:24:38', '2026-02-28 12:24:38'),
	(442, 215, 9, 3, 'CAEd 21', 'Principles and Practices in Creative Expressions: Visual Arts Overview IV - Teaching the Visual Arts', 3, 'CAEd 15', NULL, 'Second Semester', 1, '2026-02-28 12:24:38', '2026-02-28 12:24:38'),
	(443, 216, 9, 3, 'CAEd 22', 'Principles and Practices in Creative Expressions: Dance Overview IV - Teaching Dance', 3, 'CAEd 16', NULL, 'Second Semester', 1, '2026-02-28 12:24:38', '2026-02-28 12:24:38'),
	(444, 217, 9, 3, 'CAEd 23', 'Principles and Practices in Creative Expressions: Drama Overview IV - Principles and Practice of Teaching Drama', 3, 'CAEd 17', NULL, 'Second Semester', 1, '2026-02-28 12:24:38', '2026-02-28 12:24:38'),
	(445, 218, 9, 3, 'CAEd 24', 'Technology for Teaching and Learning in Culture and Arts Education', 3, NULL, NULL, 'Second Semester', 1, '2026-02-28 12:24:38', '2026-02-28 12:24:38'),
	(446, 219, 9, 3, 'CAEd 19', 'Research II - Culminating Project', 3, 'CAEd 18', NULL, 'Second Semester', 1, '2026-02-28 12:24:38', '2026-02-28 12:24:38'),
	(447, 51, 9, 4, 'Prof Educ 11', 'Field Study 1: Observations of Teaching - Learning in Actual School Environment', 3, 'All GE, All Prof Educ, & All Major Subjects', NULL, 'First Semester', 1, '2026-02-28 12:24:38', '2026-02-28 12:24:38'),
	(448, 52, 9, 4, 'Prof Educ 12', 'Field Study 2: Participation and Teaching Assistantship', 3, 'All GE, All Prof Educ, & All Major Subjects', NULL, 'First Semester', 1, '2026-02-28 12:24:38', '2026-02-28 12:24:38'),
	(449, 53, 9, 4, 'Review 1', 'Enrichment Class (Major Subjects and General Subjects)', 6, 'All GE, All Prof Educ, & All Major Subjects', NULL, 'First Semester', 1, '2026-02-28 12:24:38', '2026-02-28 12:24:38'),
	(450, 54, 9, 4, 'Prof Educ 13', 'Field Study 3: The Teaching Internship', 6, 'All GE, All Prof Educ, & All Major Subjects', NULL, 'Second Semester', 1, '2026-02-28 12:24:38', '2026-02-28 12:24:38'),
	(451, 55, 9, 4, 'Review 2', 'Enrichment Class (Professional Education Subjects)', 6, 'All GE, All Prof Educ, & All Major Subjects', NULL, 'Second Semester', 1, '2026-02-28 12:24:38', '2026-02-28 12:24:38'),
	(452, 2, 1, 1, 'Prof Educ 1', 'The Child and Adolescent Learners and Learning Principles', 3, NULL, NULL, 'First Semester', 1, '2026-02-28 12:29:30', '2026-02-28 12:29:30'),
	(453, 4, 1, 1, 'GE 1', 'Understanding the Self', 3, NULL, NULL, 'First Semester', 1, '2026-02-28 12:29:30', '2026-02-28 12:29:30'),
	(454, 5, 1, 1, 'GE 2', 'Readings in the Philippine History', 3, NULL, NULL, 'First Semester', 1, '2026-02-28 12:29:30', '2026-02-28 12:29:30'),
	(455, 6, 1, 1, 'GE 3', 'The Contemporary World', 3, NULL, NULL, 'First Semester', 1, '2026-02-28 12:29:30', '2026-02-28 12:29:30'),
	(456, 7, 1, 1, 'GE 4', 'Mathematics in the Modern World', 3, NULL, NULL, 'First Semester', 1, '2026-02-28 12:29:30', '2026-02-28 12:29:30'),
	(457, 13, 1, 1, 'GE 5', 'Purposive Communication', 3, NULL, NULL, 'First Semester', 1, '2026-02-28 12:29:30', '2026-02-28 12:29:30'),
	(458, 14, 1, 1, 'GE 6', 'Art Appreciation', 3, NULL, NULL, 'First Semester', 1, '2026-02-28 12:29:30', '2026-02-28 12:29:30'),
	(459, 8, 1, 1, 'NSTP 1', 'ROTC/LTS/CWTS', 3, NULL, NULL, 'First Semester', 1, '2026-02-28 12:29:30', '2026-02-28 12:29:30'),
	(460, 9, 1, 1, 'PATHFIT 1', 'Movement Competency Training', 2, NULL, NULL, 'First Semester', 1, '2026-02-28 12:29:30', '2026-02-28 12:29:30'),
	(461, 10, 1, 1, 'Prof Educ 2', 'Foundation of Special and Inclusive Education', 3, NULL, NULL, 'Second Semester', 1, '2026-02-28 12:29:30', '2026-02-28 12:29:30'),
	(462, 15, 1, 1, 'GE 7', 'Science, Technology and Society', 3, NULL, NULL, 'Second Semester', 1, '2026-02-28 12:29:30', '2026-02-28 12:29:30'),
	(463, 22, 1, 1, 'GE 8', 'Ethics', 3, NULL, NULL, 'Second Semester', 1, '2026-02-28 12:29:30', '2026-02-28 12:29:30'),
	(464, 23, 1, 1, 'GE 9', 'The Life and Works of Rizal', 3, NULL, NULL, 'Second Semester', 1, '2026-02-28 12:29:30', '2026-02-28 12:29:30'),
	(465, 24, 1, 1, 'GE ELEC 1', 'The Entrepreneurial Mind', 3, NULL, NULL, 'Second Semester', 1, '2026-02-28 12:29:30', '2026-02-28 12:29:30'),
	(466, 31, 1, 1, 'GE ELEC 2', 'Philippine Popular Culture', 3, NULL, NULL, 'Second Semester', 1, '2026-02-28 12:29:30', '2026-02-28 12:29:30'),
	(467, 32, 1, 1, 'GE ELEC 3', 'Living in the IT Era', 3, NULL, NULL, 'Second Semester', 1, '2026-02-28 12:29:30', '2026-02-28 12:29:30'),
	(468, 16, 1, 1, 'NSTP 2', 'ROTC/LTS/CWTS', 3, 'NSTP 1', NULL, 'Second Semester', 1, '2026-02-28 12:29:30', '2026-02-28 12:29:30'),
	(469, 17, 1, 1, 'PATHFIT 2', 'Exercise-Based Fitness Activities', 2, 'PATHFIT 1', NULL, 'Second Semester', 1, '2026-02-28 12:29:30', '2026-02-28 12:29:30'),
	(470, 18, 1, 2, 'Prof Educ 3', 'The Teaching Profession', 3, NULL, NULL, 'First Semester', 1, '2026-02-28 12:29:30', '2026-02-28 12:29:30'),
	(471, 122, 1, 2, 'MC FIL 1', 'Pagtuturo ng Filipino sa Elementarya (I) Estruktura at Gamit ng Wikang Filipino', 3, NULL, NULL, 'First Semester', 1, '2026-02-28 12:29:30', '2026-02-28 12:29:30'),
	(472, NULL, 1, 2, 'MC SCI 1', 'Teaching Science in the Primary Grades (Biology and Chemistry)', 3, NULL, NULL, 'First Semester', 1, '2026-02-28 12:29:30', '2026-02-28 12:29:30'),
	(473, NULL, 1, 2, 'MC MATH 1', 'Teaching Mathematics in the Primary Grades', 3, NULL, NULL, 'First Semester', 1, '2026-02-28 12:29:30', '2026-02-28 12:29:30'),
	(474, 220, 1, 2, 'MC SSC 1', 'Teaching Social Studies in the Primary Grades (Culture and Basic Geography)', 3, NULL, NULL, 'First Semester', 1, '2026-02-28 12:29:30', '2026-02-28 12:29:30'),
	(475, 221, 1, 2, 'MC MTB-MLE', 'Content and Pedagogy for the Mother Tongue', 3, NULL, NULL, 'First Semester', 1, '2026-02-28 12:29:30', '2026-02-28 12:29:30'),
	(476, 222, 1, 2, 'MC PEH', 'Teaching PE and Health in the Elementary Grades', 3, NULL, NULL, 'First Semester', 1, '2026-02-28 12:29:30', '2026-02-28 12:29:30'),
	(477, 223, 1, 2, 'MC VED', 'Good Manners and Right Conduct (Edukasyon sa Pagpapakatao)', 3, NULL, NULL, 'First Semester', 1, '2026-02-28 12:29:30', '2026-02-28 12:29:30'),
	(478, 25, 1, 2, 'PATHFIT 3', 'Sports', 2, 'PATHFIT 2', NULL, 'First Semester', 1, '2026-02-28 12:29:30', '2026-02-28 12:29:30'),
	(479, 26, 1, 2, 'Prof Educ 4', 'The Teacher and the School Curriculum', 3, NULL, NULL, 'Second Semester', 1, '2026-02-28 12:29:30', '2026-02-28 12:29:30'),
	(480, 27, 1, 2, 'Prof Educ 5', 'The Teacher and the Community, School Culture, and Organizational Leadership', 3, NULL, NULL, 'Second Semester', 1, '2026-02-28 12:29:30', '2026-02-28 12:29:30'),
	(481, 123, 1, 2, 'MC FIL 2', 'Pagtuturo ng Filipino sa Elementarya (II) Panitikan ng Pilipinas', 3, 'MC FIL 1', NULL, 'Second Semester', 1, '2026-02-28 12:29:30', '2026-02-28 12:29:30'),
	(482, NULL, 1, 2, 'MC SCI 2', 'Teaching Science in the Intermediate Grades (Physics, Earth, and Space Science)', 3, 'MC SCI 1', NULL, 'Second Semester', 1, '2026-02-28 12:29:30', '2026-02-28 12:29:30'),
	(483, NULL, 1, 2, 'MC MATH 2', 'Teaching Mathematics in the Intermediate Grades', 3, 'MC MATH 1', NULL, 'Second Semester', 1, '2026-02-28 12:29:30', '2026-02-28 12:29:30'),
	(484, 224, 1, 2, 'MC SSC 2', 'Teaching Social Studies in the Intermediate Grades (Philippine History and Government)', 3, 'MC SSC 1', NULL, 'Second Semester', 1, '2026-02-28 12:29:30', '2026-02-28 12:29:30'),
	(485, 225, 1, 2, 'MC ARTS', 'Teaching Arts in the Elementary Grades', 3, NULL, NULL, 'Second Semester', 1, '2026-02-28 12:29:30', '2026-02-28 12:29:30'),
	(486, 226, 1, 2, 'MC MUSIC', 'Teaching Music in the Elementary Grades', 3, NULL, NULL, 'Second Semester', 1, '2026-02-28 12:29:30', '2026-02-28 12:29:30'),
	(487, 33, 1, 2, 'PATHFIT 4', 'Dance', 2, 'PATHFIT 3', NULL, 'Second Semester', 1, '2026-02-28 12:29:30', '2026-02-28 12:29:30'),
	(488, 34, 1, 3, 'Prof Educ 6', 'Facilitating Learner-Centered Teaching', 3, NULL, NULL, 'First Semester', 1, '2026-02-28 12:29:30', '2026-02-28 12:29:30'),
	(489, 35, 1, 3, 'Prof Educ 7', 'Technology for Teaching and Learning 1', 3, NULL, NULL, 'First Semester', 1, '2026-02-28 12:29:30', '2026-02-28 12:29:30'),
	(490, 36, 1, 3, 'Prof Educ 8', 'Assessment in Learning 1', 3, NULL, NULL, 'First Semester', 1, '2026-02-28 12:29:30', '2026-02-28 12:29:30'),
	(491, 146, 1, 3, 'MC ENG 1', 'Teaching English in the Elementary Grades (Language Arts)', 3, NULL, NULL, 'First Semester', 1, '2026-02-28 12:29:30', '2026-02-28 12:29:30'),
	(492, 227, 1, 3, 'MC TLE 1', 'Edukasyong Pantahanan at Pangkabuhayan', 3, NULL, NULL, 'First Semester', 1, '2026-02-28 12:29:30', '2026-02-28 12:29:30'),
	(493, 228, 1, 3, 'ELECTIVE', 'Teaching Multi-Grade Classes', 3, NULL, NULL, 'First Semester', 1, '2026-02-28 12:29:30', '2026-02-28 12:29:30'),
	(494, 229, 1, 3, 'MC RES 1', 'Research in Teaching', 3, NULL, NULL, 'First Semester', 1, '2026-02-28 12:29:30', '2026-02-28 12:29:30'),
	(495, 42, 1, 3, 'Prof Educ 9', 'Assessment in Learning 2', 3, NULL, NULL, 'Second Semester', 1, '2026-02-28 12:29:30', '2026-02-28 12:29:30'),
	(496, 43, 1, 3, 'Prof Educ 10', 'Building and Enhancing New Literacies Across the Curriculum', 3, NULL, NULL, 'Second Semester', 1, '2026-02-28 12:29:30', '2026-02-28 12:29:30'),
	(497, 147, 1, 3, 'MC ENG 2', 'Teaching Literacy in the Elementary Grades Through Literature', 3, 'MC ENG 1', NULL, 'Second Semester', 1, '2026-02-28 12:29:30', '2026-02-28 12:29:30'),
	(498, 230, 1, 3, 'MC TLE 2', 'Edukasyong Pantahanan at Pangkabuhayan with Entrepreneurship', 3, 'MC TLE 1', NULL, 'Second Semester', 1, '2026-02-28 12:29:30', '2026-02-28 12:29:30'),
	(499, 231, 1, 3, 'MC TTL 2', 'Application of Technology for Teaching and Learning 2 in the Elementary Grades', 3, NULL, NULL, 'Second Semester', 1, '2026-02-28 12:29:30', '2026-02-28 12:29:30'),
	(500, 232, 1, 3, 'MC RES 2', 'Research in Teaching', 3, 'MC RES 1', NULL, 'Second Semester', 1, '2026-02-28 12:29:30', '2026-02-28 12:29:30'),
	(501, 51, 1, 4, 'Prof Educ 11', 'Field Study 1: Observations of Teaching - Learning in Actual School Environment', 3, 'All GE, All Prof Educ, & All Major Subjects', NULL, 'First Semester', 1, '2026-02-28 12:29:30', '2026-02-28 12:29:30'),
	(502, 52, 1, 4, 'Prof Educ 12', 'Field Study 2: Participation and Teaching Assistantship', 3, 'All GE, All Prof Educ, & All Major Subjects', NULL, 'First Semester', 1, '2026-02-28 12:29:30', '2026-02-28 12:29:30'),
	(503, 53, 1, 4, 'Review 1', 'Enrichment Class (Major Subjects and General Subjects)', 6, 'All GE, All Prof Educ, & All Major Subjects', NULL, 'First Semester', 1, '2026-02-28 12:29:30', '2026-02-28 12:29:30'),
	(504, 54, 1, 4, 'Prof Educ 13', 'Field Study 3: The Teaching Internship', 6, 'All GE, All Prof Educ, & All Major Subjects', NULL, 'Second Semester', 1, '2026-02-28 12:29:30', '2026-02-28 12:29:30'),
	(505, 55, 1, 4, 'Review 2', 'Enrichment Class (Professional Education Subjects)', 6, 'All GE, All Prof Educ, & All Major Subjects', NULL, 'Second Semester', 1, '2026-02-28 12:29:30', '2026-02-28 12:29:30');



INSERT INTO `users` (`id`, `school_id`, `name`, `last_name`, `first_name`, `middle_name`, `gender`, `date_of_birth`, `place_of_birth`, `civil_status`, `citizenship`, `phone`, `email`, `role`, `department_id`, `department_scope`, `created_by_role`, `created_by_user_id`, `year_level`, `semester`, `school_year`, `college`, `course`, `major`, `units_enrolled`, `student_status`, `shift`, `student_type`, `previous_program`, `status_color`, `faculty_type`, `program_scope`, `max_units`, `schedule_selection_limit`, `assigned_units`, `accounting_access`, `block_id`, `is_freshman`, `high_school`, `hs_graduation_date`, `father_name`, `father_occupation`, `mother_name`, `mother_occupation`, `annual_income`, `monthly_income`, `num_siblings`, `num_family_members`, `dswd_household_no`, `registration_remarks`, `emergency_contact_name`, `emergency_contact_phone`, `house_number`, `purok_zone`, `street`, `barangay`, `municipality`, `province`, `zip_code`, `boarding_house_number`, `boarding_street`, `boarding_barangay`, `boarding_municipality`, `boarding_province`, `boarding_phone`, `profile_completed`, `email_verified_at`, `password`, `remember_token`, `created_at`, `updated_at`) VALUES
	(1, NULL, 'System Admin', NULL, NULL, NULL, NULL, NULL, NULL, NULL, NULL, NULL, 'admin@dcomc.edu.ph', 'admin', NULL, NULL, NULL, NULL, NULL, NULL, NULL, NULL, NULL, NULL, NULL, NULL, NULL, NULL, NULL, NULL, NULL, NULL, NULL, NULL, 0, 0, NULL, 0, NULL, NULL, NULL, NULL, NULL, NULL, NULL, NULL, NULL, NULL, NULL, NULL, NULL, NULL, NULL, NULL, NULL, NULL, NULL, NULL, NULL, NULL, NULL, NULL, NULL, NULL, NULL, 0, NULL, '$2y$12$X9dyg4EroqHb1/PSJOUgsOmYhdjh2VMeRJt88DvOYu9GEYhOO5oc.', NULL, '2026-02-25 01:51:59', '2026-02-26 07:53:17'),
	(4, NULL, 'Registrar Account', NULL, NULL, NULL, NULL, NULL, NULL, NULL, NULL, NULL, 'registrar@dcomc.edu.ph', 'registrar', NULL, NULL, NULL, NULL, NULL, NULL, NULL, NULL, NULL, NULL, NULL, NULL, NULL, NULL, NULL, NULL, NULL, NULL, NULL, NULL, 0, 0, NULL, 0, NULL, NULL, NULL, NULL, NULL, NULL, NULL, NULL, NULL, NULL, NULL, NULL, NULL, NULL, NULL, NULL, NULL, NULL, NULL, NULL, NULL, NULL, NULL, NULL, NULL, NULL, NULL, 0, NULL, '$2y$12$NrhRftrRfUpUl8JJAH4dM.JCoHuQvKNi.z5IWLoCZ.AxJILON3osC', NULL, '2026-02-25 01:55:18', '2026-02-26 18:01:02'),
	(7, 'student3@dcomc.edu.ph', 'Test Student 3', 'Student3', 'Test', NULL, 'Male', NULL, NULL, NULL, NULL, NULL, 'student3@dcomc.edu.ph', 'student', NULL, NULL, NULL, NULL, '1st Year', 'First Semester', '2025-2026', NULL, 'Bachelor of Elementary Education', NULL, NULL, 'Not Enrolled', 'day', NULL, NULL, NULL, NULL, NULL, NULL, NULL, 0, 0, 11, 0, NULL, NULL, NULL, NULL, NULL, NULL, NULL, NULL, NULL, NULL, NULL, NULL, NULL, NULL, NULL, NULL, NULL, NULL, NULL, NULL, NULL, NULL, NULL, NULL, NULL, NULL, NULL, 1, NULL, '$2y$12$6lPitZ1TNx44B.ijXBg9BebwT./iQBsWJYWJSuOXmcuNc8aHWpkYi', NULL, '2026-02-28 12:40:13', '2026-03-01 16:48:39'),
	(8, 'student4@dcomc.edu.ph', 'Test Student 4', 'Student4', 'Test', NULL, 'Male', NULL, NULL, NULL, NULL, NULL, 'student4@dcomc.edu.ph', 'student', NULL, NULL, NULL, NULL, '1st Year', 'First Semester', '2025-2026', NULL, 'Bachelor of Elementary Education', NULL, NULL, 'Not Enrolled', 'day', NULL, NULL, NULL, NULL, NULL, NULL, NULL, 0, 0, 11, 0, NULL, NULL, NULL, NULL, NULL, NULL, NULL, NULL, NULL, NULL, NULL, NULL, NULL, NULL, NULL, NULL, NULL, NULL, NULL, NULL, NULL, NULL, NULL, NULL, NULL, NULL, NULL, 1, NULL, '$2y$12$6lPitZ1TNx44B.ijXBg9BebwT./iQBsWJYWJSuOXmcuNc8aHWpkYi', NULL, '2026-02-28 12:40:13', '2026-03-01 16:48:39'),
	(9, 'student5@dcomc.edu.ph', 'Test Student 5', 'Student5', 'Test', NULL, 'Male', NULL, NULL, NULL, NULL, NULL, 'student5@dcomc.edu.ph', 'student', NULL, NULL, NULL, NULL, '1st Year', 'First Semester', '2025-2026', NULL, 'Bachelor of Elementary Education', NULL, NULL, 'Not Enrolled', 'day', NULL, NULL, NULL, NULL, NULL, NULL, NULL, 0, 0, 3, 0, NULL, NULL, NULL, NULL, NULL, NULL, NULL, NULL, NULL, NULL, NULL, NULL, NULL, NULL, NULL, NULL, NULL, NULL, NULL, NULL, NULL, NULL, NULL, NULL, NULL, NULL, NULL, 1, NULL, '$2y$12$6lPitZ1TNx44B.ijXBg9BebwT./iQBsWJYWJSuOXmcuNc8aHWpkYi', NULL, '2026-02-28 12:40:13', '2026-03-01 16:48:39'),
	(10, 'student6@dcomc.edu.ph', 'Test Student 6', 'Student6', 'Test', NULL, 'Male', NULL, NULL, NULL, NULL, NULL, 'student6@dcomc.edu.ph', 'student', NULL, NULL, NULL, NULL, '1st Year', 'First Semester', '2025-2026', NULL, 'Bachelor of Elementary Education', NULL, NULL, 'Not Enrolled', 'day', NULL, NULL, NULL, NULL, NULL, NULL, NULL, 0, 0, 3, 0, NULL, NULL, NULL, NULL, NULL, NULL, NULL, NULL, NULL, NULL, NULL, NULL, NULL, NULL, NULL, NULL, NULL, NULL, NULL, NULL, NULL, NULL, NULL, NULL, NULL, NULL, NULL, 1, NULL, '$2y$12$6lPitZ1TNx44B.ijXBg9BebwT./iQBsWJYWJSuOXmcuNc8aHWpkYi', NULL, '2026-02-28 12:40:13', '2026-03-01 16:48:39'),
	(11, 'student7@dcomc.edu.ph', 'Test Student 7', 'Student7', 'Test', NULL, 'Male', NULL, NULL, NULL, NULL, NULL, 'student7@dcomc.edu.ph', 'student', NULL, NULL, NULL, NULL, '1st Year', 'First Semester', '2025-2026', NULL, 'Bachelor of Elementary Education', NULL, NULL, 'Not Enrolled', 'day', NULL, NULL, NULL, NULL, NULL, NULL, NULL, 0, 0, 4, 0, NULL, NULL, NULL, NULL, NULL, NULL, NULL, NULL, NULL, NULL, NULL, NULL, NULL, NULL, NULL, NULL, NULL, NULL, NULL, NULL, NULL, NULL, NULL, NULL, NULL, NULL, NULL, 1, NULL, '$2y$12$6lPitZ1TNx44B.ijXBg9BebwT./iQBsWJYWJSuOXmcuNc8aHWpkYi', NULL, '2026-02-28 12:40:13', '2026-03-01 16:48:39'),
	(12, 'student8@dcomc.edu.ph', 'Test Student 8', 'Student8', 'Test', NULL, 'Male', NULL, NULL, NULL, NULL, NULL, 'student8@dcomc.edu.ph', 'student', NULL, NULL, NULL, NULL, '1st Year', 'First Semester', '2025-2026', NULL, 'Bachelor of Elementary Education', NULL, NULL, 'Not Enrolled', 'day', NULL, NULL, NULL, NULL, NULL, NULL, NULL, 0, 0, 4, 0, NULL, NULL, NULL, NULL, NULL, NULL, NULL, NULL, NULL, NULL, NULL, NULL, NULL, NULL, NULL, NULL, NULL, NULL, NULL, NULL, NULL, NULL, NULL, NULL, NULL, NULL, NULL, 1, NULL, '$2y$12$6lPitZ1TNx44B.ijXBg9BebwT./iQBsWJYWJSuOXmcuNc8aHWpkYi', NULL, '2026-02-28 12:40:13', '2026-03-01 16:48:39'),
	(13, 'student9@dcomc.edu.ph', 'Test Student 9', 'Student9', 'Test', NULL, 'Male', NULL, NULL, NULL, NULL, NULL, 'student9@dcomc.edu.ph', 'student', NULL, NULL, NULL, NULL, '1st Year', 'First Semester', '2025-2026', NULL, 'Bachelor of Elementary Education', NULL, NULL, 'Not Enrolled', 'day', NULL, NULL, NULL, NULL, NULL, NULL, NULL, 0, 0, 5, 0, NULL, NULL, NULL, NULL, NULL, NULL, NULL, NULL, NULL, NULL, NULL, NULL, NULL, NULL, NULL, NULL, NULL, NULL, NULL, NULL, NULL, NULL, NULL, NULL, NULL, NULL, NULL, 1, NULL, '$2y$12$6lPitZ1TNx44B.ijXBg9BebwT./iQBsWJYWJSuOXmcuNc8aHWpkYi', NULL, '2026-02-28 12:40:13', '2026-03-01 16:48:39'),
	(14, 'student10@dcomc.edu.ph', 'Test Student 10', 'Student10', 'Test', NULL, 'Male', NULL, NULL, NULL, NULL, NULL, 'student10@dcomc.edu.ph', 'student', NULL, NULL, NULL, NULL, '1st Year', 'First Semester', '2025-2026', NULL, 'Bachelor of Elementary Education', NULL, NULL, 'Not Enrolled', 'day', NULL, NULL, NULL, NULL, NULL, NULL, NULL, 0, 0, 5, 0, NULL, NULL, NULL, NULL, NULL, NULL, NULL, NULL, NULL, NULL, NULL, NULL, NULL, NULL, NULL, NULL, NULL, NULL, NULL, NULL, NULL, NULL, NULL, NULL, NULL, NULL, NULL, 1, NULL, '$2y$12$6lPitZ1TNx44B.ijXBg9BebwT./iQBsWJYWJSuOXmcuNc8aHWpkYi', NULL, '2026-02-28 12:40:13', '2026-03-01 16:48:39'),
	(15, 'student11@dcomc.edu.ph', 'Test Student 11', 'Student11', 'Test', NULL, 'Male', NULL, NULL, NULL, NULL, NULL, 'student11@dcomc.edu.ph', 'student', NULL, NULL, NULL, NULL, '1st Year', 'First Semester', '2025-2026', NULL, 'Bachelor of Elementary Education', NULL, NULL, 'Not Enrolled', 'day', NULL, NULL, NULL, NULL, NULL, NULL, NULL, 0, 0, 6, 0, NULL, NULL, NULL, NULL, NULL, NULL, NULL, NULL, NULL, NULL, NULL, NULL, NULL, NULL, NULL, NULL, NULL, NULL, NULL, NULL, NULL, NULL, NULL, NULL, NULL, NULL, NULL, 1, NULL, '$2y$12$6lPitZ1TNx44B.ijXBg9BebwT./iQBsWJYWJSuOXmcuNc8aHWpkYi', NULL, '2026-02-28 12:40:13', '2026-03-01 16:48:39'),
	(16, 'student12@dcomc.edu.ph', 'Test Student 12', 'Student12', 'Test', NULL, 'Male', NULL, NULL, NULL, NULL, NULL, 'student12@dcomc.edu.ph', 'student', NULL, NULL, NULL, NULL, '1st Year', 'First Semester', '2025-2026', NULL, 'Bachelor of Elementary Education', NULL, NULL, 'Not Enrolled', 'day', NULL, NULL, NULL, NULL, NULL, NULL, NULL, 0, 0, 6, 0, NULL, NULL, NULL, NULL, NULL, NULL, NULL, NULL, NULL, NULL, NULL, NULL, NULL, NULL, NULL, NULL, NULL, NULL, NULL, NULL, NULL, NULL, NULL, NULL, NULL, NULL, NULL, 1, NULL, '$2y$12$6lPitZ1TNx44B.ijXBg9BebwT./iQBsWJYWJSuOXmcuNc8aHWpkYi', NULL, '2026-02-28 12:40:13', '2026-03-01 16:48:39'),
	(17, 'student13@dcomc.edu.ph', 'Test Student 13', 'Student13', 'Test', NULL, 'Male', NULL, NULL, NULL, NULL, NULL, 'student13@dcomc.edu.ph', 'student', NULL, NULL, NULL, NULL, '1st Year', 'First Semester', '2025-2026', NULL, 'Bachelor of Elementary Education', NULL, NULL, 'Not Enrolled', 'day', NULL, NULL, NULL, NULL, NULL, NULL, NULL, 0, 0, 7, 0, NULL, NULL, NULL, NULL, NULL, NULL, NULL, NULL, NULL, NULL, NULL, NULL, NULL, NULL, NULL, NULL, NULL, NULL, NULL, NULL, NULL, NULL, NULL, NULL, NULL, NULL, NULL, 1, NULL, '$2y$12$6lPitZ1TNx44B.ijXBg9BebwT./iQBsWJYWJSuOXmcuNc8aHWpkYi', NULL, '2026-02-28 12:40:13', '2026-03-01 16:48:39'),
	(18, 'student14@dcomc.edu.ph', 'Test Student 14', 'Student14', 'Test', NULL, 'Male', NULL, NULL, NULL, NULL, NULL, 'student14@dcomc.edu.ph', 'student', NULL, NULL, NULL, NULL, '1st Year', 'First Semester', '2025-2026', NULL, 'Bachelor of Elementary Education', NULL, NULL, 'Not Enrolled', 'day', NULL, NULL, NULL, NULL, NULL, NULL, NULL, 0, 0, 7, 0, NULL, NULL, NULL, NULL, NULL, NULL, NULL, NULL, NULL, NULL, NULL, NULL, NULL, NULL, NULL, NULL, NULL, NULL, NULL, NULL, NULL, NULL, NULL, NULL, NULL, NULL, NULL, 1, NULL, '$2y$12$6lPitZ1TNx44B.ijXBg9BebwT./iQBsWJYWJSuOXmcuNc8aHWpkYi', NULL, '2026-02-28 12:40:13', '2026-03-01 16:48:39'),
	(19, 'student15@dcomc.edu.ph', 'Test Student 15', 'Student15', 'Test', NULL, 'Male', NULL, NULL, NULL, NULL, NULL, 'student15@dcomc.edu.ph', 'student', NULL, NULL, NULL, NULL, '1st Year', 'First Semester', '2025-2026', NULL, 'Bachelor of Elementary Education', NULL, NULL, 'Not Enrolled', 'day', NULL, NULL, NULL, NULL, NULL, NULL, NULL, 0, 0, 8, 0, NULL, NULL, NULL, NULL, NULL, NULL, NULL, NULL, NULL, NULL, NULL, NULL, NULL, NULL, NULL, NULL, NULL, NULL, NULL, NULL, NULL, NULL, NULL, NULL, NULL, NULL, NULL, 1, NULL, '$2y$12$6lPitZ1TNx44B.ijXBg9BebwT./iQBsWJYWJSuOXmcuNc8aHWpkYi', NULL, '2026-02-28 12:40:13', '2026-03-01 16:48:39'),
	(20, 'student16@dcomc.edu.ph', 'Test Student 16', 'Student16', 'Test', NULL, 'Male', NULL, NULL, NULL, NULL, NULL, 'student16@dcomc.edu.ph', 'student', NULL, NULL, NULL, NULL, '1st Year', 'First Semester', '2025-2026', NULL, 'Bachelor of Elementary Education', NULL, NULL, 'Not Enrolled', 'day', NULL, NULL, NULL, NULL, NULL, NULL, NULL, 0, 0, 8, 0, NULL, NULL, NULL, NULL, NULL, NULL, NULL, NULL, NULL, NULL, NULL, NULL, NULL, NULL, NULL, NULL, NULL, NULL, NULL, NULL, NULL, NULL, NULL, NULL, NULL, NULL, NULL, 1, NULL, '$2y$12$6lPitZ1TNx44B.ijXBg9BebwT./iQBsWJYWJSuOXmcuNc8aHWpkYi', NULL, '2026-02-28 12:40:13', '2026-03-01 16:48:39'),
	(21, 'student17@dcomc.edu.ph', 'Test Student 17', 'Student17', 'Test', NULL, 'Male', NULL, NULL, NULL, NULL, NULL, 'student17@dcomc.edu.ph', 'student', NULL, NULL, NULL, NULL, '1st Year', 'First Semester', '2025-2026', NULL, 'Bachelor of Elementary Education', NULL, NULL, 'Not Enrolled', 'day', NULL, NULL, NULL, NULL, NULL, NULL, NULL, 0, 0, 9, 0, NULL, NULL, NULL, NULL, NULL, NULL, NULL, NULL, NULL, NULL, NULL, NULL, NULL, NULL, NULL, NULL, NULL, NULL, NULL, NULL, NULL, NULL, NULL, NULL, NULL, NULL, NULL, 1, NULL, '$2y$12$6lPitZ1TNx44B.ijXBg9BebwT./iQBsWJYWJSuOXmcuNc8aHWpkYi', NULL, '2026-02-28 12:40:13', '2026-03-01 16:48:39'),
	(22, 'student18@dcomc.edu.ph', 'Test Student 18', 'Student18', 'Test', NULL, 'Male', NULL, NULL, NULL, NULL, NULL, 'student18@dcomc.edu.ph', 'student', NULL, NULL, NULL, NULL, '1st Year', 'First Semester', '2025-2026', NULL, 'Bachelor of Elementary Education', NULL, NULL, 'Not Enrolled', 'day', NULL, NULL, NULL, NULL, NULL, NULL, NULL, 0, 0, 9, 0, NULL, NULL, NULL, NULL, NULL, NULL, NULL, NULL, NULL, NULL, NULL, NULL, NULL, NULL, NULL, NULL, NULL, NULL, NULL, NULL, NULL, NULL, NULL, NULL, NULL, NULL, NULL, 1, NULL, '$2y$12$6lPitZ1TNx44B.ijXBg9BebwT./iQBsWJYWJSuOXmcuNc8aHWpkYi', NULL, '2026-02-28 12:40:13', '2026-03-01 16:48:39'),
	(23, 'student19@dcomc.edu.ph', 'Test Student 19', 'Student19', 'Test', NULL, 'Male', NULL, NULL, NULL, NULL, NULL, 'student19@dcomc.edu.ph', 'student', NULL, NULL, NULL, NULL, '1st Year', 'First Semester', '2025-2026', NULL, 'Bachelor of Elementary Education', NULL, NULL, 'Not Enrolled', 'day', NULL, NULL, NULL, NULL, NULL, NULL, NULL, 0, 0, 10, 0, NULL, NULL, NULL, NULL, NULL, NULL, NULL, NULL, NULL, NULL, NULL, NULL, NULL, NULL, NULL, NULL, NULL, NULL, NULL, NULL, NULL, NULL, NULL, NULL, NULL, NULL, NULL, 1, NULL, '$2y$12$6lPitZ1TNx44B.ijXBg9BebwT./iQBsWJYWJSuOXmcuNc8aHWpkYi', NULL, '2026-02-28 12:40:13', '2026-03-01 16:48:39'),
	(24, 'student20@dcomc.edu.ph', 'Test Student 20', 'Student20', 'Test', NULL, 'Male', NULL, NULL, NULL, NULL, NULL, 'student20@dcomc.edu.ph', 'student', NULL, NULL, NULL, NULL, '1st Year', 'First Semester', '2025-2026', NULL, 'Bachelor of Elementary Education', NULL, NULL, 'Not Enrolled', 'day', NULL, NULL, NULL, NULL, NULL, NULL, NULL, 0, 0, 10, 0, NULL, NULL, NULL, NULL, NULL, NULL, NULL, NULL, NULL, NULL, NULL, NULL, NULL, NULL, NULL, NULL, NULL, NULL, NULL, NULL, NULL, NULL, NULL, NULL, NULL, NULL, NULL, 1, NULL, '$2y$12$6lPitZ1TNx44B.ijXBg9BebwT./iQBsWJYWJSuOXmcuNc8aHWpkYi', NULL, '2026-02-28 12:40:13', '2026-03-01 16:48:39'),
	(25, 'student21@dcomc.edu.ph', 'Test  Student21', 'Student21', 'Test', NULL, 'Male', NULL, NULL, NULL, NULL, NULL, 'student21@dcomc.edu.ph', 'student', NULL, NULL, NULL, NULL, '1st Year', 'First Semester', '2025-2026', NULL, 'Bachelor of Elementary Education', NULL, NULL, 'Not Enrolled', 'day', 'Regular', NULL, NULL, NULL, NULL, NULL, NULL, 0, 0, 2, 0, NULL, NULL, NULL, NULL, NULL, NULL, NULL, NULL, NULL, NULL, NULL, NULL, NULL, NULL, NULL, NULL, NULL, NULL, NULL, NULL, NULL, NULL, NULL, NULL, NULL, NULL, NULL, 1, NULL, '$2y$12$6lPitZ1TNx44B.ijXBg9BebwT./iQBsWJYWJSuOXmcuNc8aHWpkYi', NULL, '2026-02-28 12:40:13', '2026-03-05 12:54:12'),
	(26, 'student22@dcomc.edu.ph', 'Test Student 22', 'Student22', 'Test', NULL, 'Male', NULL, NULL, NULL, NULL, NULL, 'student22@dcomc.edu.ph', 'student', NULL, NULL, NULL, NULL, '1st Year', 'First Semester', '2025-2026', NULL, 'Bachelor of Elementary Education', NULL, NULL, 'Not Enrolled', 'day', NULL, NULL, NULL, NULL, NULL, NULL, NULL, 0, 0, 2, 0, NULL, NULL, NULL, NULL, NULL, NULL, NULL, NULL, NULL, NULL, NULL, NULL, NULL, NULL, NULL, NULL, NULL, NULL, NULL, NULL, NULL, NULL, NULL, NULL, NULL, NULL, NULL, 1, NULL, '$2y$12$6lPitZ1TNx44B.ijXBg9BebwT./iQBsWJYWJSuOXmcuNc8aHWpkYi', NULL, '2026-02-28 12:40:13', '2026-03-01 16:48:39'),
	(27, 'student23@dcomc.edu.ph', 'Test Student 23', 'Student23', 'Test', NULL, 'Male', NULL, NULL, NULL, NULL, NULL, 'student23@dcomc.edu.ph', 'student', NULL, NULL, NULL, NULL, '1st Year', 'First Semester', '2025-2026', NULL, 'Bachelor of Elementary Education', NULL, NULL, 'Not Enrolled', 'night', NULL, NULL, NULL, NULL, NULL, NULL, NULL, 0, 0, 12, 0, NULL, NULL, NULL, NULL, NULL, NULL, NULL, NULL, NULL, NULL, NULL, NULL, NULL, NULL, NULL, NULL, NULL, NULL, NULL, NULL, NULL, NULL, NULL, NULL, NULL, NULL, NULL, 1, NULL, '$2y$12$6lPitZ1TNx44B.ijXBg9BebwT./iQBsWJYWJSuOXmcuNc8aHWpkYi', NULL, '2026-02-28 12:40:13', '2026-03-01 16:48:39'),
	(28, 'student24@dcomc.edu.ph', 'Test Student 24', 'Student24', 'Test', NULL, 'Male', NULL, NULL, NULL, NULL, NULL, 'student24@dcomc.edu.ph', 'student', NULL, NULL, NULL, NULL, '1st Year', 'First Semester', '2025-2026', NULL, 'Bachelor of Elementary Education', NULL, NULL, 'Not Enrolled', 'night', NULL, NULL, NULL, NULL, NULL, NULL, NULL, 0, 0, 12, 0, NULL, NULL, NULL, NULL, NULL, NULL, NULL, NULL, NULL, NULL, NULL, NULL, NULL, NULL, NULL, NULL, NULL, NULL, NULL, NULL, NULL, NULL, NULL, NULL, NULL, NULL, NULL, 1, NULL, '$2y$12$6lPitZ1TNx44B.ijXBg9BebwT./iQBsWJYWJSuOXmcuNc8aHWpkYi', NULL, '2026-02-28 12:40:13', '2026-03-01 16:48:39'),
	(29, 'student25@dcomc.edu.ph', 'Test Student 25', 'Student25', 'Test', NULL, 'Male', NULL, NULL, NULL, NULL, NULL, 'student25@dcomc.edu.ph', 'student', NULL, NULL, NULL, NULL, '1st Year', 'First Semester', '2025-2026', NULL, 'Bachelor of Elementary Education', NULL, NULL, 'Not Enrolled', 'night', NULL, NULL, NULL, NULL, NULL, NULL, NULL, 0, 0, 13, 0, NULL, NULL, NULL, NULL, NULL, NULL, NULL, NULL, NULL, NULL, NULL, NULL, NULL, NULL, NULL, NULL, NULL, NULL, NULL, NULL, NULL, NULL, NULL, NULL, NULL, NULL, NULL, 1, NULL, '$2y$12$6lPitZ1TNx44B.ijXBg9BebwT./iQBsWJYWJSuOXmcuNc8aHWpkYi', NULL, '2026-02-28 12:40:13', '2026-03-01 16:48:39'),
	(30, 'student26@dcomc.edu.ph', 'Test Student 26', 'Student26', 'Test', NULL, 'Male', NULL, NULL, NULL, NULL, NULL, 'student26@dcomc.edu.ph', 'student', NULL, NULL, NULL, NULL, '1st Year', 'First Semester', '2025-2026', NULL, 'Bachelor of Elementary Education', NULL, NULL, 'Not Enrolled', 'night', NULL, NULL, NULL, NULL, NULL, NULL, NULL, 0, 0, 13, 0, NULL, NULL, NULL, NULL, NULL, NULL, NULL, NULL, NULL, NULL, NULL, NULL, NULL, NULL, NULL, NULL, NULL, NULL, NULL, NULL, NULL, NULL, NULL, NULL, NULL, NULL, NULL, 1, NULL, '$2y$12$6lPitZ1TNx44B.ijXBg9BebwT./iQBsWJYWJSuOXmcuNc8aHWpkYi', NULL, '2026-02-28 12:40:13', '2026-03-01 16:48:39'),
	(31, 'student27@dcomc.edu.ph', 'Test Student 27', 'Student27', 'Test', NULL, 'Male', NULL, NULL, NULL, NULL, NULL, 'student27@dcomc.edu.ph', 'student', NULL, NULL, NULL, NULL, '1st Year', 'First Semester', '2025-2026', NULL, 'Bachelor of Secondary Education Major in English', NULL, NULL, 'Not Enrolled', 'day', NULL, NULL, NULL, NULL, NULL, NULL, NULL, 0, 0, 14, 0, NULL, NULL, NULL, NULL, NULL, NULL, NULL, NULL, NULL, NULL, NULL, NULL, NULL, NULL, NULL, NULL, NULL, NULL, NULL, NULL, NULL, NULL, NULL, NULL, NULL, NULL, NULL, 1, NULL, '$2y$12$6lPitZ1TNx44B.ijXBg9BebwT./iQBsWJYWJSuOXmcuNc8aHWpkYi', NULL, '2026-02-28 12:40:13', '2026-03-01 16:48:39'),
	(32, 'student28@dcomc.edu.ph', 'Test Student 28', 'Student28', 'Test', NULL, 'Male', NULL, NULL, NULL, NULL, NULL, 'student28@dcomc.edu.ph', 'student', NULL, NULL, NULL, NULL, '1st Year', 'First Semester', '2025-2026', NULL, 'Bachelor of Secondary Education Major in English', NULL, NULL, 'Not Enrolled', 'day', NULL, NULL, NULL, NULL, NULL, NULL, NULL, 0, 0, 14, 0, NULL, NULL, NULL, NULL, NULL, NULL, NULL, NULL, NULL, NULL, NULL, NULL, NULL, NULL, NULL, NULL, NULL, NULL, NULL, NULL, NULL, NULL, NULL, NULL, NULL, NULL, NULL, 1, NULL, '$2y$12$6lPitZ1TNx44B.ijXBg9BebwT./iQBsWJYWJSuOXmcuNc8aHWpkYi', NULL, '2026-02-28 12:40:13', '2026-03-01 16:48:39'),
	(33, 'student29@dcomc.edu.ph', 'Test Student 29', 'Student29', 'Test', NULL, 'Male', NULL, NULL, NULL, NULL, NULL, 'student29@dcomc.edu.ph', 'student', NULL, NULL, NULL, NULL, '1st Year', 'First Semester', '2025-2026', NULL, 'Bachelor of Secondary Education Major in English', NULL, NULL, 'Not Enrolled', 'day', NULL, NULL, NULL, NULL, NULL, NULL, NULL, 0, 0, 15, 0, NULL, NULL, NULL, NULL, NULL, NULL, NULL, NULL, NULL, NULL, NULL, NULL, NULL, NULL, NULL, NULL, NULL, NULL, NULL, NULL, NULL, NULL, NULL, NULL, NULL, NULL, NULL, 1, NULL, '$2y$12$6lPitZ1TNx44B.ijXBg9BebwT./iQBsWJYWJSuOXmcuNc8aHWpkYi', NULL, '2026-02-28 12:40:13', '2026-03-01 16:48:39'),
	(34, 'student30@dcomc.edu.ph', 'Test Student 30', 'Student30', 'Test', NULL, 'Male', NULL, NULL, NULL, NULL, NULL, 'student30@dcomc.edu.ph', 'student', NULL, NULL, NULL, NULL, '1st Year', 'First Semester', '2025-2026', NULL, 'Bachelor of Secondary Education Major in English', NULL, NULL, 'Not Enrolled', 'day', NULL, NULL, NULL, NULL, NULL, NULL, NULL, 0, 0, 15, 0, NULL, NULL, NULL, NULL, NULL, NULL, NULL, NULL, NULL, NULL, NULL, NULL, NULL, NULL, NULL, NULL, NULL, NULL, NULL, NULL, NULL, NULL, NULL, NULL, NULL, NULL, NULL, 1, NULL, '$2y$12$6lPitZ1TNx44B.ijXBg9BebwT./iQBsWJYWJSuOXmcuNc8aHWpkYi', NULL, '2026-02-28 12:40:13', '2026-03-01 16:48:39'),
	(35, 'student31@dcomc.edu.ph', 'Test Student 31', 'Student31', 'Test', NULL, 'Male', NULL, NULL, NULL, NULL, NULL, 'student31@dcomc.edu.ph', 'student', NULL, NULL, NULL, NULL, '1st Year', 'First Semester', '2025-2026', NULL, 'Bachelor of Secondary Education Major in English', NULL, NULL, 'Not Enrolled', 'day', NULL, NULL, NULL, NULL, NULL, NULL, NULL, 0, 0, 16, 0, NULL, NULL, NULL, NULL, NULL, NULL, NULL, NULL, NULL, NULL, NULL, NULL, NULL, NULL, NULL, NULL, NULL, NULL, NULL, NULL, NULL, NULL, NULL, NULL, NULL, NULL, NULL, 1, NULL, '$2y$12$6lPitZ1TNx44B.ijXBg9BebwT./iQBsWJYWJSuOXmcuNc8aHWpkYi', NULL, '2026-02-28 12:40:13', '2026-03-01 16:48:39'),
	(36, 'student32@dcomc.edu.ph', 'Test Student 32', 'Student32', 'Test', NULL, 'Male', NULL, NULL, NULL, NULL, NULL, 'student32@dcomc.edu.ph', 'student', NULL, NULL, NULL, NULL, '1st Year', 'First Semester', '2025-2026', NULL, 'Bachelor of Secondary Education Major in English', NULL, NULL, 'Not Enrolled', 'day', NULL, NULL, NULL, NULL, NULL, NULL, NULL, 0, 0, 16, 0, NULL, NULL, NULL, NULL, NULL, NULL, NULL, NULL, NULL, NULL, NULL, NULL, NULL, NULL, NULL, NULL, NULL, NULL, NULL, NULL, NULL, NULL, NULL, NULL, NULL, NULL, NULL, 1, NULL, '$2y$12$6lPitZ1TNx44B.ijXBg9BebwT./iQBsWJYWJSuOXmcuNc8aHWpkYi', NULL, '2026-02-28 12:40:13', '2026-03-01 16:48:39'),
	(37, 'student33@dcomc.edu.ph', 'Test Student 33', 'Student33', 'Test', NULL, 'Male', NULL, NULL, NULL, NULL, NULL, 'student33@dcomc.edu.ph', 'student', NULL, NULL, NULL, NULL, '1st Year', 'First Semester', '2025-2026', NULL, 'Bachelor of Secondary Education Major in Filipino', NULL, NULL, 'Not Enrolled', 'day', NULL, NULL, NULL, NULL, NULL, NULL, NULL, 0, 0, 17, 0, NULL, NULL, NULL, NULL, NULL, NULL, NULL, NULL, NULL, NULL, NULL, NULL, NULL, NULL, NULL, NULL, NULL, NULL, NULL, NULL, NULL, NULL, NULL, NULL, NULL, NULL, NULL, 1, NULL, '$2y$12$6lPitZ1TNx44B.ijXBg9BebwT./iQBsWJYWJSuOXmcuNc8aHWpkYi', NULL, '2026-02-28 12:40:13', '2026-03-01 16:48:39'),
	(38, 'student34@dcomc.edu.ph', 'Test Student 34', 'Student34', 'Test', NULL, 'Male', NULL, NULL, NULL, NULL, NULL, 'student34@dcomc.edu.ph', 'student', NULL, NULL, NULL, NULL, '1st Year', 'First Semester', '2025-2026', NULL, 'Bachelor of Secondary Education Major in Filipino', NULL, NULL, 'Not Enrolled', 'day', NULL, NULL, NULL, NULL, NULL, NULL, NULL, 0, 0, 17, 0, NULL, NULL, NULL, NULL, NULL, NULL, NULL, NULL, NULL, NULL, NULL, NULL, NULL, NULL, NULL, NULL, NULL, NULL, NULL, NULL, NULL, NULL, NULL, NULL, NULL, NULL, NULL, 1, NULL, '$2y$12$6lPitZ1TNx44B.ijXBg9BebwT./iQBsWJYWJSuOXmcuNc8aHWpkYi', NULL, '2026-02-28 12:40:13', '2026-03-01 16:48:39'),
	(39, 'student35@dcomc.edu.ph', 'Test Student 35', 'Student35', 'Test', NULL, 'Male', NULL, NULL, NULL, NULL, NULL, 'student35@dcomc.edu.ph', 'student', NULL, NULL, NULL, NULL, '1st Year', 'First Semester', '2025-2026', NULL, 'Bachelor of Secondary Education Major in Filipino', NULL, NULL, 'Not Enrolled', 'day', NULL, NULL, NULL, NULL, NULL, NULL, NULL, 0, 0, 18, 0, NULL, NULL, NULL, NULL, NULL, NULL, NULL, NULL, NULL, NULL, NULL, NULL, NULL, NULL, NULL, NULL, NULL, NULL, NULL, NULL, NULL, NULL, NULL, NULL, NULL, NULL, NULL, 1, NULL, '$2y$12$6lPitZ1TNx44B.ijXBg9BebwT./iQBsWJYWJSuOXmcuNc8aHWpkYi', NULL, '2026-02-28 12:40:13', '2026-03-01 16:48:39'),
	(40, 'student36@dcomc.edu.ph', 'Test Student 36', 'Student36', 'Test', NULL, 'Male', NULL, NULL, NULL, NULL, NULL, 'student36@dcomc.edu.ph', 'student', NULL, NULL, NULL, NULL, '1st Year', 'First Semester', '2025-2026', NULL, 'Bachelor of Secondary Education Major in Filipino', NULL, NULL, 'Not Enrolled', 'day', NULL, NULL, NULL, NULL, NULL, NULL, NULL, 0, 0, 18, 0, NULL, NULL, NULL, NULL, NULL, NULL, NULL, NULL, NULL, NULL, NULL, NULL, NULL, NULL, NULL, NULL, NULL, NULL, NULL, NULL, NULL, NULL, NULL, NULL, NULL, NULL, NULL, 1, NULL, '$2y$12$6lPitZ1TNx44B.ijXBg9BebwT./iQBsWJYWJSuOXmcuNc8aHWpkYi', NULL, '2026-02-28 12:40:13', '2026-03-01 16:48:39'),
	(41, 'student37@dcomc.edu.ph', 'Test Student 37', 'Student37', 'Test', NULL, 'Male', NULL, NULL, NULL, NULL, NULL, 'student37@dcomc.edu.ph', 'student', NULL, NULL, NULL, NULL, '1st Year', 'First Semester', '2025-2026', NULL, 'Bachelor of Secondary Education Major in Filipino', NULL, NULL, 'Not Enrolled', 'day', NULL, NULL, NULL, NULL, NULL, NULL, NULL, 0, 0, 19, 0, NULL, NULL, NULL, NULL, NULL, NULL, NULL, NULL, NULL, NULL, NULL, NULL, NULL, NULL, NULL, NULL, NULL, NULL, NULL, NULL, NULL, NULL, NULL, NULL, NULL, NULL, NULL, 1, NULL, '$2y$12$6lPitZ1TNx44B.ijXBg9BebwT./iQBsWJYWJSuOXmcuNc8aHWpkYi', NULL, '2026-02-28 12:40:13', '2026-03-01 16:48:39'),
	(42, 'student38@dcomc.edu.ph', 'Test Student 38', 'Student38', 'Test', NULL, 'Male', NULL, NULL, NULL, NULL, NULL, 'student38@dcomc.edu.ph', 'student', NULL, NULL, NULL, NULL, '1st Year', 'First Semester', '2025-2026', NULL, 'Bachelor of Secondary Education Major in Filipino', NULL, NULL, 'Not Enrolled', 'day', NULL, NULL, NULL, NULL, NULL, NULL, NULL, 0, 0, 19, 0, NULL, NULL, NULL, NULL, NULL, NULL, NULL, NULL, NULL, NULL, NULL, NULL, NULL, NULL, NULL, NULL, NULL, NULL, NULL, NULL, NULL, NULL, NULL, NULL, NULL, NULL, NULL, 1, NULL, '$2y$12$6lPitZ1TNx44B.ijXBg9BebwT./iQBsWJYWJSuOXmcuNc8aHWpkYi', NULL, '2026-02-28 12:40:13', '2026-03-01 16:48:39'),
	(43, 'student39@dcomc.edu.ph', 'Test Student 39', 'Student39', 'Test', NULL, 'Male', NULL, NULL, NULL, NULL, NULL, 'student39@dcomc.edu.ph', 'student', NULL, NULL, NULL, NULL, '1st Year', 'First Semester', '2025-2026', NULL, 'Bachelor of Secondary Education Major in Mathematics', NULL, NULL, 'Not Enrolled', 'day', NULL, NULL, NULL, NULL, NULL, NULL, NULL, 0, 0, 20, 0, NULL, NULL, NULL, NULL, NULL, NULL, NULL, NULL, NULL, NULL, NULL, NULL, NULL, NULL, NULL, NULL, NULL, NULL, NULL, NULL, NULL, NULL, NULL, NULL, NULL, NULL, NULL, 1, NULL, '$2y$12$6lPitZ1TNx44B.ijXBg9BebwT./iQBsWJYWJSuOXmcuNc8aHWpkYi', NULL, '2026-02-28 12:40:13', '2026-03-01 16:48:39'),
	(44, 'student40@dcomc.edu.ph', 'Test Student 40', 'Student40', 'Test', NULL, 'Male', NULL, NULL, NULL, NULL, NULL, 'student40@dcomc.edu.ph', 'student', NULL, NULL, NULL, NULL, '1st Year', 'First Semester', '2025-2026', NULL, 'Bachelor of Secondary Education Major in Mathematics', NULL, NULL, 'Not Enrolled', 'day', NULL, NULL, NULL, NULL, NULL, NULL, NULL, 0, 0, 20, 0, NULL, NULL, NULL, NULL, NULL, NULL, NULL, NULL, NULL, NULL, NULL, NULL, NULL, NULL, NULL, NULL, NULL, NULL, NULL, NULL, NULL, NULL, NULL, NULL, NULL, NULL, NULL, 1, NULL, '$2y$12$6lPitZ1TNx44B.ijXBg9BebwT./iQBsWJYWJSuOXmcuNc8aHWpkYi', NULL, '2026-02-28 12:40:13', '2026-03-01 16:48:39'),
	(45, 'student41@dcomc.edu.ph', 'Test Student 41', 'Student41', 'Test', NULL, 'Male', NULL, NULL, NULL, NULL, NULL, 'student41@dcomc.edu.ph', 'student', NULL, NULL, NULL, NULL, '1st Year', 'First Semester', '2025-2026', NULL, 'Bachelor of Secondary Education Major in Mathematics', NULL, NULL, 'Not Enrolled', 'day', NULL, NULL, NULL, NULL, NULL, NULL, NULL, 0, 0, 21, 0, NULL, NULL, NULL, NULL, NULL, NULL, NULL, NULL, NULL, NULL, NULL, NULL, NULL, NULL, NULL, NULL, NULL, NULL, NULL, NULL, NULL, NULL, NULL, NULL, NULL, NULL, NULL, 1, NULL, '$2y$12$6lPitZ1TNx44B.ijXBg9BebwT./iQBsWJYWJSuOXmcuNc8aHWpkYi', NULL, '2026-02-28 12:40:13', '2026-03-01 16:48:39'),
	(46, 'student42@dcomc.edu.ph', 'Test Student 42', 'Student42', 'Test', NULL, 'Male', NULL, NULL, NULL, NULL, NULL, 'student42@dcomc.edu.ph', 'student', NULL, NULL, NULL, NULL, '1st Year', 'First Semester', '2025-2026', NULL, 'Bachelor of Secondary Education Major in Mathematics', NULL, NULL, 'Not Enrolled', 'day', NULL, NULL, NULL, NULL, NULL, NULL, NULL, 0, 0, 21, 0, NULL, NULL, NULL, NULL, NULL, NULL, NULL, NULL, NULL, NULL, NULL, NULL, NULL, NULL, NULL, NULL, NULL, NULL, NULL, NULL, NULL, NULL, NULL, NULL, NULL, NULL, NULL, 1, NULL, '$2y$12$6lPitZ1TNx44B.ijXBg9BebwT./iQBsWJYWJSuOXmcuNc8aHWpkYi', NULL, '2026-02-28 12:40:13', '2026-03-01 16:48:39'),
	(47, 'student43@dcomc.edu.ph', 'Test Student 43', 'Student43', 'Test', NULL, 'Male', NULL, NULL, NULL, NULL, NULL, 'student43@dcomc.edu.ph', 'student', NULL, NULL, NULL, NULL, '1st Year', 'First Semester', '2025-2026', NULL, 'Bachelor of Secondary Education Major in Mathematics', NULL, NULL, 'Not Enrolled', 'day', NULL, NULL, NULL, NULL, NULL, NULL, NULL, 0, 0, 22, 0, NULL, NULL, NULL, NULL, NULL, NULL, NULL, NULL, NULL, NULL, NULL, NULL, NULL, NULL, NULL, NULL, NULL, NULL, NULL, NULL, NULL, NULL, NULL, NULL, NULL, NULL, NULL, 1, NULL, '$2y$12$6lPitZ1TNx44B.ijXBg9BebwT./iQBsWJYWJSuOXmcuNc8aHWpkYi', NULL, '2026-02-28 12:40:13', '2026-03-01 16:48:39'),
	(48, 'student44@dcomc.edu.ph', 'Test Student 44', 'Student44', 'Test', NULL, 'Male', NULL, NULL, NULL, NULL, NULL, 'student44@dcomc.edu.ph', 'student', NULL, NULL, NULL, NULL, '1st Year', 'First Semester', '2025-2026', NULL, 'Bachelor of Secondary Education Major in Mathematics', NULL, NULL, 'Not Enrolled', 'day', NULL, NULL, NULL, NULL, NULL, NULL, NULL, 0, 0, 22, 0, NULL, NULL, NULL, NULL, NULL, NULL, NULL, NULL, NULL, NULL, NULL, NULL, NULL, NULL, NULL, NULL, NULL, NULL, NULL, NULL, NULL, NULL, NULL, NULL, NULL, NULL, NULL, 1, NULL, '$2y$12$6lPitZ1TNx44B.ijXBg9BebwT./iQBsWJYWJSuOXmcuNc8aHWpkYi', NULL, '2026-02-28 12:40:13', '2026-03-01 16:48:39'),
	(49, 'student45@dcomc.edu.ph', 'Test Student 45', 'Student45', 'Test', NULL, 'Male', NULL, NULL, NULL, NULL, NULL, 'student45@dcomc.edu.ph', 'student', NULL, NULL, NULL, NULL, '1st Year', 'First Semester', '2025-2026', NULL, 'Bachelor of Secondary Education Major in Science', NULL, NULL, 'Not Enrolled', 'day', NULL, NULL, NULL, NULL, NULL, NULL, NULL, 0, 0, 23, 0, NULL, NULL, NULL, NULL, NULL, NULL, NULL, NULL, NULL, NULL, NULL, NULL, NULL, NULL, NULL, NULL, NULL, NULL, NULL, NULL, NULL, NULL, NULL, NULL, NULL, NULL, NULL, 1, NULL, '$2y$12$6lPitZ1TNx44B.ijXBg9BebwT./iQBsWJYWJSuOXmcuNc8aHWpkYi', NULL, '2026-02-28 12:40:13', '2026-03-01 16:48:39'),
	(50, 'student46@dcomc.edu.ph', 'Test Student 46', 'Student46', 'Test', NULL, 'Male', NULL, NULL, NULL, NULL, NULL, 'student46@dcomc.edu.ph', 'student', NULL, NULL, NULL, NULL, '1st Year', 'First Semester', '2025-2026', NULL, 'Bachelor of Secondary Education Major in Science', NULL, NULL, 'Not Enrolled', 'day', NULL, NULL, NULL, NULL, NULL, NULL, NULL, 0, 0, 23, 0, NULL, NULL, NULL, NULL, NULL, NULL, NULL, NULL, NULL, NULL, NULL, NULL, NULL, NULL, NULL, NULL, NULL, NULL, NULL, NULL, NULL, NULL, NULL, NULL, NULL, NULL, NULL, 1, NULL, '$2y$12$6lPitZ1TNx44B.ijXBg9BebwT./iQBsWJYWJSuOXmcuNc8aHWpkYi', NULL, '2026-02-28 12:40:13', '2026-03-01 16:48:39'),
	(51, 'student47@dcomc.edu.ph', 'Test Student 47', 'Student47', 'Test', NULL, 'Male', NULL, NULL, NULL, NULL, NULL, 'student47@dcomc.edu.ph', 'student', NULL, NULL, NULL, NULL, '1st Year', 'First Semester', '2025-2026', NULL, 'Bachelor of Secondary Education Major in Science', NULL, NULL, 'Not Enrolled', 'day', NULL, NULL, NULL, NULL, NULL, NULL, NULL, 0, 0, 24, 0, NULL, NULL, NULL, NULL, NULL, NULL, NULL, NULL, NULL, NULL, NULL, NULL, NULL, NULL, NULL, NULL, NULL, NULL, NULL, NULL, NULL, NULL, NULL, NULL, NULL, NULL, NULL, 1, NULL, '$2y$12$6lPitZ1TNx44B.ijXBg9BebwT./iQBsWJYWJSuOXmcuNc8aHWpkYi', NULL, '2026-02-28 12:40:13', '2026-03-01 16:48:39'),
	(52, 'student48@dcomc.edu.ph', 'Test Student 48', 'Student48', 'Test', NULL, 'Male', NULL, NULL, NULL, NULL, NULL, 'student48@dcomc.edu.ph', 'student', NULL, NULL, NULL, NULL, '1st Year', 'First Semester', '2025-2026', NULL, 'Bachelor of Secondary Education Major in Science', NULL, NULL, 'Not Enrolled', 'day', NULL, NULL, NULL, NULL, NULL, NULL, NULL, 0, 0, 24, 0, NULL, NULL, NULL, NULL, NULL, NULL, NULL, NULL, NULL, NULL, NULL, NULL, NULL, NULL, NULL, NULL, NULL, NULL, NULL, NULL, NULL, NULL, NULL, NULL, NULL, NULL, NULL, 1, NULL, '$2y$12$6lPitZ1TNx44B.ijXBg9BebwT./iQBsWJYWJSuOXmcuNc8aHWpkYi', NULL, '2026-02-28 12:40:13', '2026-03-01 16:48:39'),
	(53, 'student49@dcomc.edu.ph', 'Test Student 49', 'Student49', 'Test', NULL, 'Male', NULL, NULL, NULL, NULL, NULL, 'student49@dcomc.edu.ph', 'student', NULL, NULL, NULL, NULL, '1st Year', 'First Semester', '2025-2026', NULL, 'Bachelor of Secondary Education Major in Science', NULL, NULL, 'Not Enrolled', 'day', NULL, NULL, NULL, NULL, NULL, NULL, NULL, 0, 0, 25, 0, NULL, NULL, NULL, NULL, NULL, NULL, NULL, NULL, NULL, NULL, NULL, NULL, NULL, NULL, NULL, NULL, NULL, NULL, NULL, NULL, NULL, NULL, NULL, NULL, NULL, NULL, NULL, 1, NULL, '$2y$12$6lPitZ1TNx44B.ijXBg9BebwT./iQBsWJYWJSuOXmcuNc8aHWpkYi', NULL, '2026-02-28 12:40:13', '2026-03-01 16:48:39'),
	(54, 'student50@dcomc.edu.ph', 'Test Student 50', 'Student50', 'Test', NULL, 'Male', NULL, NULL, NULL, NULL, NULL, 'student50@dcomc.edu.ph', 'student', NULL, NULL, NULL, NULL, '1st Year', 'First Semester', '2025-2026', NULL, 'Bachelor of Secondary Education Major in Science', NULL, NULL, 'Not Enrolled', 'day', NULL, NULL, NULL, NULL, NULL, NULL, NULL, 0, 0, 25, 0, NULL, NULL, NULL, NULL, NULL, NULL, NULL, NULL, NULL, NULL, NULL, NULL, NULL, NULL, NULL, NULL, NULL, NULL, NULL, NULL, NULL, NULL, NULL, NULL, NULL, NULL, NULL, 1, NULL, '$2y$12$6lPitZ1TNx44B.ijXBg9BebwT./iQBsWJYWJSuOXmcuNc8aHWpkYi', NULL, '2026-02-28 12:40:13', '2026-03-01 16:48:39'),
	(55, 'student51@dcomc.edu.ph', 'Test Student 51', 'Student51', 'Test', NULL, 'Male', NULL, NULL, NULL, NULL, NULL, 'student51@dcomc.edu.ph', 'student', NULL, NULL, NULL, NULL, '1st Year', 'First Semester', '2025-2026', NULL, 'Bachelor of Secondary Education Major in Social Studies', NULL, NULL, 'Not Enrolled', 'day', NULL, NULL, NULL, NULL, NULL, NULL, NULL, 0, 0, 26, 0, NULL, NULL, NULL, NULL, NULL, NULL, NULL, NULL, NULL, NULL, NULL, NULL, NULL, NULL, NULL, NULL, NULL, NULL, NULL, NULL, NULL, NULL, NULL, NULL, NULL, NULL, NULL, 1, NULL, '$2y$12$6lPitZ1TNx44B.ijXBg9BebwT./iQBsWJYWJSuOXmcuNc8aHWpkYi', NULL, '2026-02-28 12:40:13', '2026-03-01 16:48:39'),
	(56, 'student52@dcomc.edu.ph', 'Test Student 52', 'Student52', 'Test', NULL, 'Male', NULL, NULL, NULL, NULL, NULL, 'student52@dcomc.edu.ph', 'student', NULL, NULL, NULL, NULL, '1st Year', 'First Semester', '2025-2026', NULL, 'Bachelor of Secondary Education Major in Social Studies', NULL, NULL, 'Not Enrolled', 'day', NULL, NULL, NULL, NULL, NULL, NULL, NULL, 0, 0, 26, 0, NULL, NULL, NULL, NULL, NULL, NULL, NULL, NULL, NULL, NULL, NULL, NULL, NULL, NULL, NULL, NULL, NULL, NULL, NULL, NULL, NULL, NULL, NULL, NULL, NULL, NULL, NULL, 1, NULL, '$2y$12$6lPitZ1TNx44B.ijXBg9BebwT./iQBsWJYWJSuOXmcuNc8aHWpkYi', NULL, '2026-02-28 12:40:13', '2026-03-01 16:48:39'),
	(57, 'student53@dcomc.edu.ph', 'Test Student 53', 'Student53', 'Test', NULL, 'Male', NULL, NULL, NULL, NULL, NULL, 'student53@dcomc.edu.ph', 'student', NULL, NULL, NULL, NULL, '1st Year', 'First Semester', '2025-2026', NULL, 'Bachelor of Secondary Education Major in Social Studies', NULL, NULL, 'Not Enrolled', 'day', NULL, NULL, NULL, NULL, NULL, NULL, NULL, 0, 0, 27, 0, NULL, NULL, NULL, NULL, NULL, NULL, NULL, NULL, NULL, NULL, NULL, NULL, NULL, NULL, NULL, NULL, NULL, NULL, NULL, NULL, NULL, NULL, NULL, NULL, NULL, NULL, NULL, 1, NULL, '$2y$12$6lPitZ1TNx44B.ijXBg9BebwT./iQBsWJYWJSuOXmcuNc8aHWpkYi', NULL, '2026-02-28 12:40:13', '2026-03-01 16:48:39'),
	(58, 'student54@dcomc.edu.ph', 'Test Student 54', 'Student54', 'Test', NULL, 'Male', NULL, NULL, NULL, NULL, NULL, 'student54@dcomc.edu.ph', 'student', NULL, NULL, NULL, NULL, '1st Year', 'First Semester', '2025-2026', NULL, 'Bachelor of Secondary Education Major in Social Studies', NULL, NULL, 'Not Enrolled', 'day', NULL, NULL, NULL, NULL, NULL, NULL, NULL, 0, 0, 27, 0, NULL, NULL, NULL, NULL, NULL, NULL, NULL, NULL, NULL, NULL, NULL, NULL, NULL, NULL, NULL, NULL, NULL, NULL, NULL, NULL, NULL, NULL, NULL, NULL, NULL, NULL, NULL, 1, NULL, '$2y$12$6lPitZ1TNx44B.ijXBg9BebwT./iQBsWJYWJSuOXmcuNc8aHWpkYi', NULL, '2026-02-28 12:40:13', '2026-03-01 16:48:39'),
	(59, 'student55@dcomc.edu.ph', 'Test Student 55', 'Student55', 'Test', NULL, 'Male', NULL, NULL, NULL, NULL, NULL, 'student55@dcomc.edu.ph', 'student', NULL, NULL, NULL, NULL, '1st Year', 'First Semester', '2025-2026', NULL, 'Bachelor of Secondary Education Major in Social Studies', NULL, NULL, 'Not Enrolled', 'day', NULL, NULL, NULL, NULL, NULL, NULL, NULL, 0, 0, 28, 0, NULL, NULL, NULL, NULL, NULL, NULL, NULL, NULL, NULL, NULL, NULL, NULL, NULL, NULL, NULL, NULL, NULL, NULL, NULL, NULL, NULL, NULL, NULL, NULL, NULL, NULL, NULL, 1, NULL, '$2y$12$6lPitZ1TNx44B.ijXBg9BebwT./iQBsWJYWJSuOXmcuNc8aHWpkYi', NULL, '2026-02-28 12:40:13', '2026-03-01 16:48:39'),
	(60, 'student56@dcomc.edu.ph', 'Test Student 56', 'Student56', 'Test', NULL, 'Male', NULL, NULL, NULL, NULL, NULL, 'student56@dcomc.edu.ph', 'student', NULL, NULL, NULL, NULL, '1st Year', 'First Semester', '2025-2026', NULL, 'Bachelor of Secondary Education Major in Social Studies', NULL, NULL, 'Not Enrolled', 'day', NULL, NULL, NULL, NULL, NULL, NULL, NULL, 0, 0, 28, 0, NULL, NULL, NULL, NULL, NULL, NULL, NULL, NULL, NULL, NULL, NULL, NULL, NULL, NULL, NULL, NULL, NULL, NULL, NULL, NULL, NULL, NULL, NULL, NULL, NULL, NULL, NULL, 1, NULL, '$2y$12$6lPitZ1TNx44B.ijXBg9BebwT./iQBsWJYWJSuOXmcuNc8aHWpkYi', NULL, '2026-02-28 12:40:13', '2026-03-01 16:48:39'),
	(61, 'student57@dcomc.edu.ph', 'Test Student 57', 'Student57', 'Test', NULL, 'Male', NULL, NULL, NULL, NULL, NULL, 'student57@dcomc.edu.ph', 'student', NULL, NULL, NULL, NULL, '1st Year', 'First Semester', '2025-2026', NULL, 'Bachelor of Secondary Education Major in Values Education', NULL, NULL, 'Not Enrolled', 'day', NULL, NULL, NULL, NULL, NULL, NULL, NULL, 0, 0, 29, 0, NULL, NULL, NULL, NULL, NULL, NULL, NULL, NULL, NULL, NULL, NULL, NULL, NULL, NULL, NULL, NULL, NULL, NULL, NULL, NULL, NULL, NULL, NULL, NULL, NULL, NULL, NULL, 1, NULL, '$2y$12$6lPitZ1TNx44B.ijXBg9BebwT./iQBsWJYWJSuOXmcuNc8aHWpkYi', NULL, '2026-02-28 12:40:13', '2026-03-01 16:48:39'),
	(62, 'student58@dcomc.edu.ph', 'Test Student 58', 'Student58', 'Test', NULL, 'Male', NULL, NULL, NULL, NULL, NULL, 'student58@dcomc.edu.ph', 'student', NULL, NULL, NULL, NULL, '1st Year', 'First Semester', '2025-2026', NULL, 'Bachelor of Secondary Education Major in Values Education', NULL, NULL, 'Not Enrolled', 'day', NULL, NULL, NULL, NULL, NULL, NULL, NULL, 0, 0, 29, 0, NULL, NULL, NULL, NULL, NULL, NULL, NULL, NULL, NULL, NULL, NULL, NULL, NULL, NULL, NULL, NULL, NULL, NULL, NULL, NULL, NULL, NULL, NULL, NULL, NULL, NULL, NULL, 1, NULL, '$2y$12$6lPitZ1TNx44B.ijXBg9BebwT./iQBsWJYWJSuOXmcuNc8aHWpkYi', NULL, '2026-02-28 12:40:13', '2026-03-01 16:48:39'),
	(63, 'student59@dcomc.edu.ph', 'Test Student 59', 'Student59', 'Test', NULL, 'Male', NULL, NULL, NULL, NULL, NULL, 'student59@dcomc.edu.ph', 'student', NULL, NULL, NULL, NULL, '1st Year', 'First Semester', '2025-2026', NULL, 'Bachelor of Secondary Education Major in Values Education', NULL, NULL, 'Not Enrolled', 'day', NULL, NULL, NULL, NULL, NULL, NULL, NULL, 0, 0, 30, 0, NULL, NULL, NULL, NULL, NULL, NULL, NULL, NULL, NULL, NULL, NULL, NULL, NULL, NULL, NULL, NULL, NULL, NULL, NULL, NULL, NULL, NULL, NULL, NULL, NULL, NULL, NULL, 1, NULL, '$2y$12$6lPitZ1TNx44B.ijXBg9BebwT./iQBsWJYWJSuOXmcuNc8aHWpkYi', NULL, '2026-02-28 12:40:13', '2026-03-01 16:48:39'),
	(64, 'student60@dcomc.edu.ph', 'Test Student 60', 'Student60', 'Test', NULL, 'Male', NULL, NULL, NULL, NULL, NULL, 'student60@dcomc.edu.ph', 'student', NULL, NULL, NULL, NULL, '1st Year', 'First Semester', '2025-2026', NULL, 'Bachelor of Secondary Education Major in Values Education', NULL, NULL, 'Not Enrolled', 'day', NULL, NULL, NULL, NULL, NULL, NULL, NULL, 0, 0, 30, 0, NULL, NULL, NULL, NULL, NULL, NULL, NULL, NULL, NULL, NULL, NULL, NULL, NULL, NULL, NULL, NULL, NULL, NULL, NULL, NULL, NULL, NULL, NULL, NULL, NULL, NULL, NULL, 1, NULL, '$2y$12$6lPitZ1TNx44B.ijXBg9BebwT./iQBsWJYWJSuOXmcuNc8aHWpkYi', NULL, '2026-02-28 12:40:13', '2026-03-01 16:48:39'),
	(65, 'student61@dcomc.edu.ph', 'Test Student 61', 'Student61', 'Test', NULL, 'Male', NULL, NULL, NULL, NULL, NULL, 'student61@dcomc.edu.ph', 'student', NULL, NULL, NULL, NULL, '1st Year', 'First Semester', '2025-2026', NULL, 'Bachelor of Secondary Education Major in Values Education', NULL, NULL, 'Not Enrolled', 'day', NULL, NULL, NULL, NULL, NULL, NULL, NULL, 0, 0, 31, 0, NULL, NULL, NULL, NULL, NULL, NULL, NULL, NULL, NULL, NULL, NULL, NULL, NULL, NULL, NULL, NULL, NULL, NULL, NULL, NULL, NULL, NULL, NULL, NULL, NULL, NULL, NULL, 1, NULL, '$2y$12$6lPitZ1TNx44B.ijXBg9BebwT./iQBsWJYWJSuOXmcuNc8aHWpkYi', NULL, '2026-02-28 12:40:13', '2026-03-01 16:48:39'),
	(66, 'student62@dcomc.edu.ph', 'Test Student 62', 'Student62', 'Test', NULL, 'Male', NULL, NULL, NULL, NULL, NULL, 'student62@dcomc.edu.ph', 'student', NULL, NULL, NULL, NULL, '1st Year', 'First Semester', '2025-2026', NULL, 'Bachelor of Secondary Education Major in Values Education', NULL, NULL, 'Not Enrolled', 'day', NULL, NULL, NULL, NULL, NULL, NULL, NULL, 0, 0, 31, 0, NULL, NULL, NULL, NULL, NULL, NULL, NULL, NULL, NULL, NULL, NULL, NULL, NULL, NULL, NULL, NULL, NULL, NULL, NULL, NULL, NULL, NULL, NULL, NULL, NULL, NULL, NULL, 1, NULL, '$2y$12$6lPitZ1TNx44B.ijXBg9BebwT./iQBsWJYWJSuOXmcuNc8aHWpkYi', NULL, '2026-02-28 12:40:13', '2026-03-01 16:48:39'),
	(67, 'student63@dcomc.edu.ph', 'Test Student 63', 'Student63', 'Test', NULL, 'Male', NULL, NULL, NULL, NULL, NULL, 'student63@dcomc.edu.ph', 'student', NULL, NULL, NULL, NULL, '1st Year', 'First Semester', '2025-2026', NULL, 'Bachelor of Secondary Education Major in Values Education', NULL, NULL, 'Not Enrolled', 'day', NULL, NULL, NULL, NULL, NULL, NULL, NULL, 0, 0, 32, 0, NULL, NULL, NULL, NULL, NULL, NULL, NULL, NULL, NULL, NULL, NULL, NULL, NULL, NULL, NULL, NULL, NULL, NULL, NULL, NULL, NULL, NULL, NULL, NULL, NULL, NULL, NULL, 1, NULL, '$2y$12$6lPitZ1TNx44B.ijXBg9BebwT./iQBsWJYWJSuOXmcuNc8aHWpkYi', NULL, '2026-02-28 12:40:13', '2026-03-01 16:48:39'),
	(68, 'student64@dcomc.edu.ph', 'Test Student 64', 'Student64', 'Test', NULL, 'Male', NULL, NULL, NULL, NULL, NULL, 'student64@dcomc.edu.ph', 'student', NULL, NULL, NULL, NULL, '1st Year', 'First Semester', '2025-2026', NULL, 'Bachelor of Secondary Education Major in Values Education', NULL, NULL, 'Not Enrolled', 'day', NULL, NULL, NULL, NULL, NULL, NULL, NULL, 0, 0, 32, 0, NULL, NULL, NULL, NULL, NULL, NULL, NULL, NULL, NULL, NULL, NULL, NULL, NULL, NULL, NULL, NULL, NULL, NULL, NULL, NULL, NULL, NULL, NULL, NULL, NULL, NULL, NULL, 1, NULL, '$2y$12$6lPitZ1TNx44B.ijXBg9BebwT./iQBsWJYWJSuOXmcuNc8aHWpkYi', NULL, '2026-02-28 12:40:13', '2026-03-01 16:48:39'),
	(69, 'student65@dcomc.edu.ph', 'Test Student 65', 'Student65', 'Test', NULL, 'Male', NULL, NULL, NULL, NULL, NULL, 'student65@dcomc.edu.ph', 'student', NULL, NULL, NULL, NULL, '1st Year', 'First Semester', '2025-2026', NULL, 'Bachelor of Secondary Education Major in Values Education', NULL, NULL, 'Not Enrolled', 'day', NULL, NULL, NULL, NULL, NULL, NULL, NULL, 0, 0, 33, 0, NULL, NULL, NULL, NULL, NULL, NULL, NULL, NULL, NULL, NULL, NULL, NULL, NULL, NULL, NULL, NULL, NULL, NULL, NULL, NULL, NULL, NULL, NULL, NULL, NULL, NULL, NULL, 1, NULL, '$2y$12$6lPitZ1TNx44B.ijXBg9BebwT./iQBsWJYWJSuOXmcuNc8aHWpkYi', NULL, '2026-02-28 12:40:13', '2026-03-01 16:48:39'),
	(70, 'student66@dcomc.edu.ph', 'Test Student 66', 'Student66', 'Test', NULL, 'Male', NULL, NULL, NULL, NULL, NULL, 'student66@dcomc.edu.ph', 'student', NULL, NULL, NULL, NULL, '1st Year', 'First Semester', '2025-2026', NULL, 'Bachelor of Secondary Education Major in Values Education', NULL, NULL, 'Not Enrolled', 'day', NULL, NULL, NULL, NULL, NULL, NULL, NULL, 0, 0, 33, 0, NULL, NULL, NULL, NULL, NULL, NULL, NULL, NULL, NULL, NULL, NULL, NULL, NULL, NULL, NULL, NULL, NULL, NULL, NULL, NULL, NULL, NULL, NULL, NULL, NULL, NULL, NULL, 1, NULL, '$2y$12$6lPitZ1TNx44B.ijXBg9BebwT./iQBsWJYWJSuOXmcuNc8aHWpkYi', NULL, '2026-02-28 12:40:13', '2026-03-01 16:48:39'),
	(71, 'student67@dcomc.edu.ph', 'Test Student 67', 'Student67', 'Test', NULL, 'Male', NULL, NULL, NULL, NULL, NULL, 'student67@dcomc.edu.ph', 'student', NULL, NULL, NULL, NULL, '1st Year', 'First Semester', '2025-2026', NULL, 'Bachelor of Technical-Vocational Teacher Education Major in Food Service Management', NULL, NULL, 'Not Enrolled', 'day', NULL, NULL, NULL, NULL, NULL, NULL, NULL, 0, 0, 34, 0, NULL, NULL, NULL, NULL, NULL, NULL, NULL, NULL, NULL, NULL, NULL, NULL, NULL, NULL, NULL, NULL, NULL, NULL, NULL, NULL, NULL, NULL, NULL, NULL, NULL, NULL, NULL, 1, NULL, '$2y$12$6lPitZ1TNx44B.ijXBg9BebwT./iQBsWJYWJSuOXmcuNc8aHWpkYi', NULL, '2026-02-28 12:40:13', '2026-03-01 16:48:39'),
	(72, 'student68@dcomc.edu.ph', 'Test Student 68', 'Student68', 'Test', NULL, 'Male', NULL, NULL, NULL, NULL, NULL, 'student68@dcomc.edu.ph', 'student', NULL, NULL, NULL, NULL, '1st Year', 'First Semester', '2025-2026', NULL, 'Bachelor of Technical-Vocational Teacher Education Major in Food Service Management', NULL, NULL, 'Not Enrolled', 'day', NULL, NULL, NULL, NULL, NULL, NULL, NULL, 0, 0, 34, 0, NULL, NULL, NULL, NULL, NULL, NULL, NULL, NULL, NULL, NULL, NULL, NULL, NULL, NULL, NULL, NULL, NULL, NULL, NULL, NULL, NULL, NULL, NULL, NULL, NULL, NULL, NULL, 1, NULL, '$2y$12$6lPitZ1TNx44B.ijXBg9BebwT./iQBsWJYWJSuOXmcuNc8aHWpkYi', NULL, '2026-02-28 12:40:13', '2026-03-01 16:48:39'),
	(73, 'student69@dcomc.edu.ph', 'Test Student 69', 'Student69', 'Test', NULL, 'Male', NULL, NULL, NULL, NULL, NULL, 'student69@dcomc.edu.ph', 'student', NULL, NULL, NULL, NULL, '1st Year', 'First Semester', '2025-2026', NULL, 'Bachelor of Technical-Vocational Teacher Education Major in Food Service Management', NULL, NULL, 'Not Enrolled', 'day', NULL, NULL, NULL, NULL, NULL, NULL, NULL, 0, 0, 35, 0, NULL, NULL, NULL, NULL, NULL, NULL, NULL, NULL, NULL, NULL, NULL, NULL, NULL, NULL, NULL, NULL, NULL, NULL, NULL, NULL, NULL, NULL, NULL, NULL, NULL, NULL, NULL, 1, NULL, '$2y$12$6lPitZ1TNx44B.ijXBg9BebwT./iQBsWJYWJSuOXmcuNc8aHWpkYi', NULL, '2026-02-28 12:40:13', '2026-03-01 16:48:39'),
	(74, 'student70@dcomc.edu.ph', 'Test Student 70', 'Student70', 'Test', NULL, 'Male', NULL, NULL, NULL, NULL, NULL, 'student70@dcomc.edu.ph', 'student', NULL, NULL, NULL, NULL, '1st Year', 'First Semester', '2025-2026', NULL, 'Bachelor of Technical-Vocational Teacher Education Major in Food Service Management', NULL, NULL, 'Not Enrolled', 'day', NULL, NULL, NULL, NULL, NULL, NULL, NULL, 0, 0, 35, 0, NULL, NULL, NULL, NULL, NULL, NULL, NULL, NULL, NULL, NULL, NULL, NULL, NULL, NULL, NULL, NULL, NULL, NULL, NULL, NULL, NULL, NULL, NULL, NULL, NULL, NULL, NULL, 1, NULL, '$2y$12$6lPitZ1TNx44B.ijXBg9BebwT./iQBsWJYWJSuOXmcuNc8aHWpkYi', NULL, '2026-02-28 12:40:13', '2026-03-01 16:48:39'),
	(75, 'student71@dcomc.edu.ph', 'Test Student 71', 'Student71', 'Test', NULL, 'Male', NULL, NULL, NULL, NULL, NULL, 'student71@dcomc.edu.ph', 'student', NULL, NULL, NULL, NULL, '1st Year', 'First Semester', '2025-2026', NULL, 'Bachelor of Technical-Vocational Teacher Education Major in Food Service Management', NULL, NULL, 'Not Enrolled', 'day', NULL, NULL, NULL, NULL, NULL, NULL, NULL, 0, 0, 36, 0, NULL, NULL, NULL, NULL, NULL, NULL, NULL, NULL, NULL, NULL, NULL, NULL, NULL, NULL, NULL, NULL, NULL, NULL, NULL, NULL, NULL, NULL, NULL, NULL, NULL, NULL, NULL, 1, NULL, '$2y$12$6lPitZ1TNx44B.ijXBg9BebwT./iQBsWJYWJSuOXmcuNc8aHWpkYi', NULL, '2026-02-28 12:40:13', '2026-03-01 16:48:39'),
	(76, 'student72@dcomc.edu.ph', 'Test Student 72', 'Student72', 'Test', NULL, 'Male', NULL, NULL, NULL, NULL, NULL, 'student72@dcomc.edu.ph', 'student', NULL, NULL, NULL, NULL, '1st Year', 'First Semester', '2025-2026', NULL, 'Bachelor of Technical-Vocational Teacher Education Major in Food Service Management', NULL, NULL, 'Not Enrolled', 'day', NULL, NULL, NULL, NULL, NULL, NULL, NULL, 0, 0, 36, 0, NULL, NULL, NULL, NULL, NULL, NULL, NULL, NULL, NULL, NULL, NULL, NULL, NULL, NULL, NULL, NULL, NULL, NULL, NULL, NULL, NULL, NULL, NULL, NULL, NULL, NULL, NULL, 1, NULL, '$2y$12$6lPitZ1TNx44B.ijXBg9BebwT./iQBsWJYWJSuOXmcuNc8aHWpkYi', NULL, '2026-02-28 12:40:13', '2026-03-01 16:48:39'),
	(77, 'student73@dcomc.edu.ph', 'Test Student 73', 'Student73', 'Test', NULL, 'Male', NULL, NULL, NULL, NULL, NULL, 'student73@dcomc.edu.ph', 'student', NULL, NULL, NULL, NULL, '1st Year', 'First Semester', '2025-2026', NULL, 'Bachelor of Technical-Vocational Teacher Education Major in Garments Fashion and Design', NULL, NULL, 'Not Enrolled', 'day', NULL, NULL, NULL, NULL, NULL, NULL, NULL, 0, 0, 37, 0, NULL, NULL, NULL, NULL, NULL, NULL, NULL, NULL, NULL, NULL, NULL, NULL, NULL, NULL, NULL, NULL, NULL, NULL, NULL, NULL, NULL, NULL, NULL, NULL, NULL, NULL, NULL, 1, NULL, '$2y$12$6lPitZ1TNx44B.ijXBg9BebwT./iQBsWJYWJSuOXmcuNc8aHWpkYi', NULL, '2026-02-28 12:40:13', '2026-03-01 16:48:39'),
	(78, 'student74@dcomc.edu.ph', 'Test Student 74', 'Student74', 'Test', NULL, 'Male', NULL, NULL, NULL, NULL, NULL, 'student74@dcomc.edu.ph', 'student', NULL, NULL, NULL, NULL, '1st Year', 'First Semester', '2025-2026', NULL, 'Bachelor of Technical-Vocational Teacher Education Major in Garments Fashion and Design', NULL, NULL, 'Not Enrolled', 'day', NULL, NULL, NULL, NULL, NULL, NULL, NULL, 0, 0, 37, 0, NULL, NULL, NULL, NULL, NULL, NULL, NULL, NULL, NULL, NULL, NULL, NULL, NULL, NULL, NULL, NULL, NULL, NULL, NULL, NULL, NULL, NULL, NULL, NULL, NULL, NULL, NULL, 1, NULL, '$2y$12$6lPitZ1TNx44B.ijXBg9BebwT./iQBsWJYWJSuOXmcuNc8aHWpkYi', NULL, '2026-02-28 12:40:13', '2026-03-01 16:48:39'),
	(79, 'student75@dcomc.edu.ph', 'Test Student 75', 'Student75', 'Test', NULL, 'Male', NULL, NULL, NULL, NULL, NULL, 'student75@dcomc.edu.ph', 'student', NULL, NULL, NULL, NULL, '1st Year', 'First Semester', '2025-2026', NULL, 'Bachelor of Technical-Vocational Teacher Education Major in Garments Fashion and Design', NULL, NULL, 'Not Enrolled', 'day', NULL, NULL, NULL, NULL, NULL, NULL, NULL, 0, 0, 38, 0, NULL, NULL, NULL, NULL, NULL, NULL, NULL, NULL, NULL, NULL, NULL, NULL, NULL, NULL, NULL, NULL, NULL, NULL, NULL, NULL, NULL, NULL, NULL, NULL, NULL, NULL, NULL, 1, NULL, '$2y$12$6lPitZ1TNx44B.ijXBg9BebwT./iQBsWJYWJSuOXmcuNc8aHWpkYi', NULL, '2026-02-28 12:40:13', '2026-03-01 16:48:39'),
	(80, 'student76@dcomc.edu.ph', 'Test Student 76', 'Student76', 'Test', NULL, 'Male', NULL, NULL, NULL, NULL, NULL, 'student76@dcomc.edu.ph', 'student', NULL, NULL, NULL, NULL, '1st Year', 'First Semester', '2025-2026', NULL, 'Bachelor of Technical-Vocational Teacher Education Major in Garments Fashion and Design', NULL, NULL, 'Not Enrolled', 'day', NULL, NULL, NULL, NULL, NULL, NULL, NULL, 0, 0, 38, 0, NULL, NULL, NULL, NULL, NULL, NULL, NULL, NULL, NULL, NULL, NULL, NULL, NULL, NULL, NULL, NULL, NULL, NULL, NULL, NULL, NULL, NULL, NULL, NULL, NULL, NULL, NULL, 1, NULL, '$2y$12$6lPitZ1TNx44B.ijXBg9BebwT./iQBsWJYWJSuOXmcuNc8aHWpkYi', NULL, '2026-02-28 12:40:13', '2026-03-01 16:48:39'),
	(81, 'student77@dcomc.edu.ph', 'Test Student 77', 'Student77', 'Test', NULL, 'Male', NULL, NULL, NULL, NULL, NULL, 'student77@dcomc.edu.ph', 'student', NULL, NULL, NULL, NULL, '1st Year', 'First Semester', '2025-2026', NULL, 'Bachelor of Technical-Vocational Teacher Education Major in Garments Fashion and Design', NULL, NULL, 'Not Enrolled', 'day', NULL, NULL, NULL, NULL, NULL, NULL, NULL, 0, 0, 39, 0, NULL, NULL, NULL, NULL, NULL, NULL, NULL, NULL, NULL, NULL, NULL, NULL, NULL, NULL, NULL, NULL, NULL, NULL, NULL, NULL, NULL, NULL, NULL, NULL, NULL, NULL, NULL, 1, NULL, '$2y$12$6lPitZ1TNx44B.ijXBg9BebwT./iQBsWJYWJSuOXmcuNc8aHWpkYi', NULL, '2026-02-28 12:40:13', '2026-03-01 16:48:39'),
	(82, 'student78@dcomc.edu.ph', 'Test Student 78', 'Student78', 'Test', NULL, 'Male', NULL, NULL, NULL, NULL, NULL, 'student78@dcomc.edu.ph', 'student', NULL, NULL, NULL, NULL, '1st Year', 'First Semester', '2025-2026', NULL, 'Bachelor of Technical-Vocational Teacher Education Major in Garments Fashion and Design', NULL, NULL, 'Not Enrolled', 'day', NULL, NULL, NULL, NULL, NULL, NULL, NULL, 0, 0, 39, 0, NULL, NULL, NULL, NULL, NULL, NULL, NULL, NULL, NULL, NULL, NULL, NULL, NULL, NULL, NULL, NULL, NULL, NULL, NULL, NULL, NULL, NULL, NULL, NULL, NULL, NULL, NULL, 1, NULL, '$2y$12$6lPitZ1TNx44B.ijXBg9BebwT./iQBsWJYWJSuOXmcuNc8aHWpkYi', NULL, '2026-02-28 12:40:13', '2026-03-01 16:48:39'),
	(83, 'student79@dcomc.edu.ph', 'Test Student 79', 'Student79', 'Test', NULL, 'Male', NULL, NULL, NULL, NULL, NULL, 'student79@dcomc.edu.ph', 'student', NULL, NULL, NULL, NULL, '1st Year', 'First Semester', '2025-2026', NULL, 'Bachelor of Science in Entrepreneurship', NULL, NULL, 'Not Enrolled', 'day', NULL, NULL, NULL, NULL, NULL, NULL, NULL, 0, 0, 40, 0, NULL, NULL, NULL, NULL, NULL, NULL, NULL, NULL, NULL, NULL, NULL, NULL, NULL, NULL, NULL, NULL, NULL, NULL, NULL, NULL, NULL, NULL, NULL, NULL, NULL, NULL, NULL, 1, NULL, '$2y$12$6lPitZ1TNx44B.ijXBg9BebwT./iQBsWJYWJSuOXmcuNc8aHWpkYi', NULL, '2026-02-28 12:40:13', '2026-03-01 16:48:39'),
	(84, 'student80@dcomc.edu.ph', 'Test Student 80', 'Student80', 'Test', NULL, 'Male', NULL, NULL, NULL, NULL, NULL, 'student80@dcomc.edu.ph', 'student', NULL, NULL, NULL, NULL, '1st Year', 'First Semester', '2025-2026', NULL, 'Bachelor of Science in Entrepreneurship', NULL, NULL, 'Not Enrolled', 'day', NULL, NULL, NULL, NULL, NULL, NULL, NULL, 0, 0, 40, 0, NULL, NULL, NULL, NULL, NULL, NULL, NULL, NULL, NULL, NULL, NULL, NULL, NULL, NULL, NULL, NULL, NULL, NULL, NULL, NULL, NULL, NULL, NULL, NULL, NULL, NULL, NULL, 1, NULL, '$2y$12$6lPitZ1TNx44B.ijXBg9BebwT./iQBsWJYWJSuOXmcuNc8aHWpkYi', NULL, '2026-02-28 12:40:13', '2026-03-01 16:48:39'),
	(85, 'student81@dcomc.edu.ph', 'Test Student 81', 'Student81', 'Test', NULL, 'Male', NULL, NULL, NULL, NULL, NULL, 'student81@dcomc.edu.ph', 'student', NULL, NULL, NULL, NULL, '1st Year', 'First Semester', '2025-2026', NULL, 'Bachelor of Science in Entrepreneurship', NULL, NULL, 'Not Enrolled', 'day', NULL, NULL, NULL, NULL, NULL, NULL, NULL, 0, 0, 41, 0, NULL, NULL, NULL, NULL, NULL, NULL, NULL, NULL, NULL, NULL, NULL, NULL, NULL, NULL, NULL, NULL, NULL, NULL, NULL, NULL, NULL, NULL, NULL, NULL, NULL, NULL, NULL, 1, NULL, '$2y$12$6lPitZ1TNx44B.ijXBg9BebwT./iQBsWJYWJSuOXmcuNc8aHWpkYi', NULL, '2026-02-28 12:40:13', '2026-03-01 16:48:39'),
	(86, 'student82@dcomc.edu.ph', 'Test Student 82', 'Student82', 'Test', NULL, 'Male', NULL, NULL, NULL, NULL, NULL, 'student82@dcomc.edu.ph', 'student', NULL, NULL, NULL, NULL, '1st Year', 'First Semester', '2025-2026', NULL, 'Bachelor of Science in Entrepreneurship', NULL, NULL, 'Not Enrolled', 'day', NULL, NULL, NULL, NULL, NULL, NULL, NULL, 0, 0, 41, 0, NULL, NULL, NULL, NULL, NULL, NULL, NULL, NULL, NULL, NULL, NULL, NULL, NULL, NULL, NULL, NULL, NULL, NULL, NULL, NULL, NULL, NULL, NULL, NULL, NULL, NULL, NULL, 1, NULL, '$2y$12$6lPitZ1TNx44B.ijXBg9BebwT./iQBsWJYWJSuOXmcuNc8aHWpkYi', NULL, '2026-02-28 12:40:13', '2026-03-01 16:48:39'),
	(87, 'student83@dcomc.edu.ph', 'Test Student 83', 'Student83', 'Test', NULL, 'Male', NULL, NULL, NULL, NULL, NULL, 'student83@dcomc.edu.ph', 'student', NULL, NULL, NULL, NULL, '1st Year', 'First Semester', '2025-2026', NULL, 'Bachelor of Science in Entrepreneurship', NULL, NULL, 'Not Enrolled', 'day', NULL, NULL, NULL, NULL, NULL, NULL, NULL, 0, 0, 42, 0, NULL, NULL, NULL, NULL, NULL, NULL, NULL, NULL, NULL, NULL, NULL, NULL, NULL, NULL, NULL, NULL, NULL, NULL, NULL, NULL, NULL, NULL, NULL, NULL, NULL, NULL, NULL, 1, NULL, '$2y$12$6lPitZ1TNx44B.ijXBg9BebwT./iQBsWJYWJSuOXmcuNc8aHWpkYi', NULL, '2026-02-28 12:40:13', '2026-03-01 16:48:39'),
	(88, 'student84@dcomc.edu.ph', 'Test Student 84', 'Student84', 'Test', NULL, 'Male', NULL, NULL, NULL, NULL, NULL, 'student84@dcomc.edu.ph', 'student', NULL, NULL, NULL, NULL, '1st Year', 'First Semester', '2025-2026', NULL, 'Bachelor of Science in Entrepreneurship', NULL, NULL, 'Not Enrolled', 'day', NULL, NULL, NULL, NULL, NULL, NULL, NULL, 0, 0, 42, 0, NULL, NULL, NULL, NULL, NULL, NULL, NULL, NULL, NULL, NULL, NULL, NULL, NULL, NULL, NULL, NULL, NULL, NULL, NULL, NULL, NULL, NULL, NULL, NULL, NULL, NULL, NULL, 1, NULL, '$2y$12$6lPitZ1TNx44B.ijXBg9BebwT./iQBsWJYWJSuOXmcuNc8aHWpkYi', NULL, '2026-02-28 12:40:13', '2026-03-01 16:48:39'),
	(89, 'student85@dcomc.edu.ph', 'Test  Student85', 'Student85', 'Test', NULL, 'Male', NULL, NULL, NULL, NULL, NULL, 'student85@dcomc.edu.ph', 'student', NULL, NULL, NULL, NULL, '1st Year', 'First Semester', '2025-2026', NULL, 'Bachelor of Culture and Arts Education', NULL, NULL, 'Not Enrolled', 'day', 'Irregular', 'Bachelor of Elementary Education', 'yellow', NULL, NULL, NULL, NULL, 0, 0, 44, 0, NULL, NULL, NULL, NULL, NULL, NULL, NULL, NULL, NULL, NULL, NULL, NULL, NULL, NULL, NULL, NULL, NULL, NULL, NULL, NULL, NULL, NULL, NULL, NULL, NULL, NULL, NULL, 1, NULL, '$2y$12$6lPitZ1TNx44B.ijXBg9BebwT./iQBsWJYWJSuOXmcuNc8aHWpkYi', NULL, '2026-02-28 12:40:13', '2026-03-03 04:01:44'),
	(90, 'student86@dcomc.edu.ph', 'Test Student 86', 'Student86', 'Test', NULL, 'Male', NULL, NULL, NULL, NULL, NULL, 'student86@dcomc.edu.ph', 'student', NULL, NULL, NULL, NULL, '1st Year', 'First Semester', '2025-2026', NULL, 'Bachelor of Culture and Arts Education', NULL, NULL, 'Not Enrolled', 'day', 'Irregular', 'Bachelor of Elementary Education', 'yellow', NULL, NULL, NULL, NULL, 0, 0, 43, 0, NULL, NULL, NULL, NULL, NULL, NULL, NULL, NULL, NULL, NULL, NULL, NULL, NULL, NULL, NULL, NULL, NULL, NULL, NULL, NULL, NULL, NULL, NULL, NULL, NULL, NULL, NULL, 1, NULL, '$2y$12$6lPitZ1TNx44B.ijXBg9BebwT./iQBsWJYWJSuOXmcuNc8aHWpkYi', NULL, '2026-02-28 12:40:13', '2026-03-04 02:45:07'),
	(91, 'student87@dcomc.edu.ph', 'Test Student 87', 'Student87', 'Test', NULL, 'Male', NULL, NULL, NULL, NULL, NULL, 'student87@dcomc.edu.ph', 'student', NULL, NULL, NULL, NULL, '1st Year', 'First Semester', '2025-2026', NULL, 'Bachelor of Culture and Arts Education', NULL, NULL, 'Not Enrolled', 'day', 'Irregular', 'Bachelor of Elementary Education', 'yellow', NULL, NULL, NULL, NULL, 0, 0, 43, 0, NULL, NULL, NULL, NULL, NULL, NULL, NULL, NULL, NULL, NULL, NULL, NULL, NULL, NULL, NULL, NULL, NULL, NULL, NULL, NULL, NULL, NULL, NULL, NULL, NULL, NULL, NULL, 1, NULL, '$2y$12$6lPitZ1TNx44B.ijXBg9BebwT./iQBsWJYWJSuOXmcuNc8aHWpkYi', NULL, '2026-02-28 12:40:13', '2026-03-04 02:46:16'),
	(92, 'student88@dcomc.edu.ph', 'Test Student 88', 'Student88', 'Test', NULL, 'Male', NULL, NULL, NULL, NULL, NULL, 'student88@dcomc.edu.ph', 'student', NULL, NULL, NULL, NULL, '1st Year', 'First Semester', '2025-2026', NULL, 'Bachelor of Culture and Arts Education', NULL, NULL, 'Not Enrolled', 'day', NULL, NULL, NULL, NULL, NULL, NULL, NULL, 0, 0, 44, 0, NULL, NULL, NULL, NULL, NULL, NULL, NULL, NULL, NULL, NULL, NULL, NULL, NULL, NULL, NULL, NULL, NULL, NULL, NULL, NULL, NULL, NULL, NULL, NULL, NULL, NULL, NULL, 1, NULL, '$2y$12$6lPitZ1TNx44B.ijXBg9BebwT./iQBsWJYWJSuOXmcuNc8aHWpkYi', NULL, '2026-02-28 12:40:13', '2026-03-01 16:48:39'),
	(93, 'student89@dcomc.edu.ph', 'Test Student 89', 'Student89', 'Test', NULL, 'Male', NULL, NULL, NULL, NULL, NULL, 'student89@dcomc.edu.ph', 'student', NULL, NULL, NULL, NULL, '1st Year', 'First Semester', '2025-2026', NULL, 'Bachelor of Culture and Arts Education', NULL, NULL, 'Not Enrolled', 'day', NULL, NULL, NULL, NULL, NULL, NULL, NULL, 0, 0, 45, 0, NULL, NULL, NULL, NULL, NULL, NULL, NULL, NULL, NULL, NULL, NULL, NULL, NULL, NULL, NULL, NULL, NULL, NULL, NULL, NULL, NULL, NULL, NULL, NULL, NULL, NULL, NULL, 1, NULL, '$2y$12$6lPitZ1TNx44B.ijXBg9BebwT./iQBsWJYWJSuOXmcuNc8aHWpkYi', NULL, '2026-02-28 12:40:13', '2026-03-01 16:48:39'),
	(94, 'student90@dcomc.edu.ph', 'Test Student 90', 'Student90', 'Test', NULL, 'Male', NULL, NULL, NULL, NULL, NULL, 'student90@dcomc.edu.ph', 'student', NULL, NULL, NULL, NULL, '1st Year', 'First Semester', '2025-2026', NULL, 'Bachelor of Culture and Arts Education', NULL, NULL, 'Not Enrolled', 'day', NULL, NULL, NULL, NULL, NULL, NULL, NULL, 0, 0, 45, 0, NULL, NULL, NULL, NULL, NULL, NULL, NULL, NULL, NULL, NULL, NULL, NULL, NULL, NULL, NULL, NULL, NULL, NULL, NULL, NULL, NULL, NULL, NULL, NULL, NULL, NULL, NULL, 1, NULL, '$2y$12$6lPitZ1TNx44B.ijXBg9BebwT./iQBsWJYWJSuOXmcuNc8aHWpkYi', NULL, '2026-02-28 12:40:13', '2026-03-01 16:48:39'),
	(95, NULL, 'Dean Education', NULL, NULL, NULL, NULL, NULL, NULL, NULL, NULL, NULL, 'dean1@dcomc.edu.ph', 'dean', 1, 'education', NULL, NULL, NULL, NULL, NULL, NULL, NULL, NULL, NULL, NULL, NULL, NULL, NULL, NULL, NULL, NULL, NULL, NULL, 0, 0, NULL, 0, NULL, NULL, NULL, NULL, NULL, NULL, NULL, NULL, NULL, NULL, NULL, NULL, NULL, NULL, NULL, NULL, NULL, NULL, NULL, NULL, NULL, NULL, NULL, NULL, NULL, NULL, NULL, 0, NULL, '$2y$12$vIIpRzJ6LVCDckIaadt9BurgUEA1l1HpPMY75FH2Qv3Q5t4reM1T6', NULL, '2026-02-28 20:21:14', '2026-02-28 20:21:14'),
	(96, NULL, 'Dean Entrepreneurship', NULL, NULL, NULL, NULL, NULL, NULL, NULL, NULL, NULL, 'dean2@dcomc.edu.ph', 'dean', 2, 'entrepreneurship', NULL, NULL, NULL, NULL, NULL, NULL, NULL, NULL, NULL, NULL, NULL, NULL, NULL, NULL, NULL, NULL, NULL, NULL, 0, 0, NULL, 0, NULL, NULL, NULL, NULL, NULL, NULL, NULL, NULL, NULL, NULL, NULL, NULL, NULL, NULL, NULL, NULL, NULL, NULL, NULL, NULL, NULL, NULL, NULL, NULL, NULL, NULL, NULL, 0, NULL, '$2y$12$MHH/DiRNT76eG.SQF9quv.wXpfLqIJf4pZ/Cs.Q1pfyc9d7ykujHG', NULL, '2026-02-28 20:21:14', '2026-02-28 20:21:14'),
	(97, NULL, 'Educ COS One', NULL, NULL, NULL, 'Male', NULL, NULL, NULL, NULL, NULL, 'educ.cos1@test.dcomc.edu.ph', 'staff', NULL, 'education', NULL, NULL, NULL, NULL, NULL, NULL, NULL, NULL, NULL, NULL, NULL, NULL, NULL, NULL, 'cos', NULL, 18, NULL, 0, 0, NULL, 0, NULL, NULL, NULL, NULL, NULL, NULL, NULL, NULL, NULL, NULL, NULL, NULL, NULL, NULL, NULL, NULL, NULL, NULL, NULL, NULL, NULL, NULL, NULL, NULL, NULL, NULL, NULL, 0, NULL, '$2y$12$rnpziKpU8x18rZbk8PGSg.agbGplhRFZS5NbS2aGjAqsj4.LX3mRm', NULL, '2026-02-28 22:33:27', '2026-03-02 23:56:33'),
	(98, NULL, 'Educ COS Two', NULL, NULL, NULL, 'Female', NULL, NULL, NULL, NULL, NULL, 'educ.cos2@test.dcomc.edu.ph', 'staff', NULL, 'education', NULL, NULL, NULL, NULL, NULL, NULL, NULL, NULL, NULL, NULL, NULL, NULL, NULL, NULL, 'cos', NULL, 18, NULL, 0, 0, NULL, 0, NULL, NULL, NULL, NULL, NULL, NULL, NULL, NULL, NULL, NULL, NULL, NULL, NULL, NULL, NULL, NULL, NULL, NULL, NULL, NULL, NULL, NULL, NULL, NULL, NULL, NULL, NULL, 0, NULL, '$2y$12$StQlDFNqfrbdmyLpqt5u7.n8aM1BE1CiYcSlVNZs45Pmuz40BJh/u', NULL, '2026-02-28 22:33:27', '2026-02-28 22:33:27'),
	(99, NULL, 'Educ Part-time One', NULL, NULL, NULL, 'Male', NULL, NULL, NULL, NULL, NULL, 'educ.pt1@test.dcomc.edu.ph', 'staff', NULL, 'education', NULL, NULL, NULL, NULL, NULL, NULL, NULL, NULL, NULL, NULL, NULL, NULL, NULL, NULL, 'part-time', NULL, 12, NULL, 0, 0, NULL, 0, NULL, NULL, NULL, NULL, NULL, NULL, NULL, NULL, NULL, NULL, NULL, NULL, NULL, NULL, NULL, NULL, NULL, NULL, NULL, NULL, NULL, NULL, NULL, NULL, NULL, NULL, NULL, 0, NULL, '$2y$12$/tk8mA.fUYtsXDbrhzetGujv1JPf8RZI.qHJuVRkdfw7n13PxsOK6', NULL, '2026-02-28 22:33:28', '2026-02-28 22:33:28'),
	(100, NULL, 'Educ Part-time Two', NULL, NULL, NULL, 'Female', NULL, NULL, NULL, NULL, NULL, 'educ.pt2@test.dcomc.edu.ph', 'staff', NULL, 'education', NULL, NULL, NULL, NULL, NULL, NULL, NULL, NULL, NULL, NULL, NULL, NULL, NULL, NULL, 'part-time', NULL, 12, NULL, 0, 0, NULL, 0, NULL, NULL, NULL, NULL, NULL, NULL, NULL, NULL, NULL, NULL, NULL, NULL, NULL, NULL, NULL, NULL, NULL, NULL, NULL, NULL, NULL, NULL, NULL, NULL, NULL, NULL, NULL, 0, NULL, '$2y$12$ZgmBlpT2jJr4pWlVLiei0umAtP7mPrzTDlworEh8ElojC5IvdJonC', NULL, '2026-02-28 22:33:28', '2026-02-28 22:33:28'),
	(101, NULL, 'Entrep COS One', NULL, NULL, NULL, 'Male', NULL, NULL, NULL, NULL, NULL, 'entrep.cos1@test.dcomc.edu.ph', 'staff', NULL, 'entrepreneurship', NULL, NULL, NULL, NULL, NULL, NULL, NULL, NULL, NULL, NULL, NULL, NULL, NULL, NULL, 'cos', NULL, 17, NULL, 0, 0, NULL, 0, NULL, NULL, NULL, NULL, NULL, NULL, NULL, NULL, NULL, NULL, NULL, NULL, NULL, NULL, NULL, NULL, NULL, NULL, NULL, NULL, NULL, NULL, NULL, NULL, NULL, NULL, NULL, 0, NULL, '$2y$12$AdN23APQVl1xInPp7.IlTeP2e3eTTKd3bypWhUlE2qfvQrDkAwEy2', NULL, '2026-02-28 22:33:28', '2026-03-01 00:17:36'),
	(102, NULL, 'Entrep COS Two', NULL, NULL, NULL, 'Female', NULL, NULL, NULL, NULL, NULL, 'entrep.cos2@test.dcomc.edu.ph', 'staff', NULL, 'entrepreneurship', NULL, NULL, NULL, NULL, NULL, NULL, NULL, NULL, NULL, NULL, NULL, NULL, NULL, NULL, 'cos', NULL, 18, NULL, 0, 0, NULL, 0, NULL, NULL, NULL, NULL, NULL, NULL, NULL, NULL, NULL, NULL, NULL, NULL, NULL, NULL, NULL, NULL, NULL, NULL, NULL, NULL, NULL, NULL, NULL, NULL, NULL, NULL, NULL, 0, NULL, '$2y$12$2IYnnwWD3EMQwv8vOorlcuvk3cp4LkuFcDLgWInB3k75k1DhDQcbS', NULL, '2026-02-28 22:33:28', '2026-02-28 22:33:28'),
	(103, NULL, 'Entrep Part-time One', NULL, NULL, NULL, 'Male', NULL, NULL, NULL, NULL, NULL, 'entrep.pt1@test.dcomc.edu.ph', 'staff', NULL, 'entrepreneurship', NULL, NULL, NULL, NULL, NULL, NULL, NULL, NULL, NULL, NULL, NULL, NULL, NULL, NULL, 'part-time', NULL, 12, NULL, 0, 0, NULL, 0, NULL, NULL, NULL, NULL, NULL, NULL, NULL, NULL, NULL, NULL, NULL, NULL, NULL, NULL, NULL, NULL, NULL, NULL, NULL, NULL, NULL, NULL, NULL, NULL, NULL, NULL, NULL, 0, NULL, '$2y$12$w3Oz5b4.qBwIGThfCoCDG.fbLReq0kFtlqRi.yT2DqdTXLdcZI7KG', NULL, '2026-02-28 22:33:29', '2026-02-28 22:33:29'),
	(104, NULL, 'Entrep Part-time Two', NULL, NULL, NULL, 'Female', NULL, NULL, NULL, NULL, NULL, 'entrep.pt2@test.dcomc.edu.ph', 'staff', NULL, 'entrepreneurship', NULL, NULL, NULL, NULL, NULL, NULL, NULL, NULL, NULL, NULL, NULL, NULL, NULL, NULL, 'part-time', NULL, 12, NULL, 0, 0, NULL, 0, NULL, NULL, NULL, NULL, NULL, NULL, NULL, NULL, NULL, NULL, NULL, NULL, NULL, NULL, NULL, NULL, NULL, NULL, NULL, NULL, NULL, NULL, NULL, NULL, NULL, NULL, NULL, 0, NULL, '$2y$12$fW0CzvJpvVqvnDFDBLIArueHu2CFmUjujzP4kyN9NhhwvXn1fVTP6', NULL, '2026-02-28 22:33:29', '2026-02-28 22:33:29'),
	(105, NULL, 'Educ Permanent One', NULL, NULL, NULL, 'Male', NULL, NULL, NULL, NULL, NULL, 'educ.permanent1@test.dcomc.edu.ph', 'staff', NULL, 'education', NULL, NULL, NULL, NULL, NULL, NULL, NULL, NULL, NULL, NULL, NULL, NULL, NULL, NULL, 'permanent', NULL, 24, 10, 0, 0, NULL, 0, NULL, NULL, NULL, NULL, NULL, NULL, NULL, NULL, NULL, NULL, NULL, NULL, NULL, NULL, NULL, NULL, NULL, NULL, NULL, NULL, NULL, NULL, NULL, NULL, NULL, NULL, NULL, 0, NULL, '$2y$12$1Fj/QfmXXb/.VCQBotLk9OMsHF8dzkKUQ6fPHpFcoROMaER3AdHXq', NULL, '2026-02-28 22:35:21', '2026-03-02 02:57:34'),
	(106, NULL, 'Educ Permanent Two', NULL, NULL, NULL, 'Female', NULL, NULL, NULL, NULL, NULL, 'educ.permanent2@test.dcomc.edu.ph', 'staff', NULL, 'education', NULL, NULL, NULL, NULL, NULL, NULL, NULL, NULL, NULL, NULL, NULL, NULL, NULL, NULL, 'permanent', NULL, 24, NULL, 0, 0, NULL, 0, NULL, NULL, NULL, NULL, NULL, NULL, NULL, NULL, NULL, NULL, NULL, NULL, NULL, NULL, NULL, NULL, NULL, NULL, NULL, NULL, NULL, NULL, NULL, NULL, NULL, NULL, NULL, 0, NULL, '$2y$12$W9.4Z789YT78rkNACq1ZzedZSsj3AbgEtWGefbuJHoJelbAIH3nLq', NULL, '2026-02-28 22:35:21', '2026-02-28 22:35:21'),
	(107, NULL, 'Entrep Permanent One', NULL, NULL, NULL, 'Male', NULL, NULL, NULL, NULL, NULL, 'entrep.permanent1@test.dcomc.edu.ph', 'staff', NULL, 'entrepreneurship', NULL, NULL, NULL, NULL, NULL, NULL, NULL, NULL, NULL, NULL, NULL, NULL, NULL, NULL, 'permanent', NULL, 24, NULL, 0, 0, NULL, 0, NULL, NULL, NULL, NULL, NULL, NULL, NULL, NULL, NULL, NULL, NULL, NULL, NULL, NULL, NULL, NULL, NULL, NULL, NULL, NULL, NULL, NULL, NULL, NULL, NULL, NULL, NULL, 0, NULL, '$2y$12$S00QR1oZ8wswzkZpAIxTXOVjYNJwa1BqqzO0NieQl3lwkWG36ADwi', NULL, '2026-02-28 22:35:22', '2026-02-28 22:35:22'),
	(108, NULL, 'Entrep Permanent Two', NULL, NULL, NULL, 'Female', NULL, NULL, NULL, NULL, NULL, 'entrep.permanent2@test.dcomc.edu.ph', 'staff', NULL, 'entrepreneurship', NULL, NULL, NULL, NULL, NULL, NULL, NULL, NULL, NULL, NULL, NULL, NULL, NULL, NULL, 'permanent', NULL, 24, NULL, 0, 0, NULL, 0, NULL, NULL, NULL, NULL, NULL, NULL, NULL, NULL, NULL, NULL, NULL, NULL, NULL, NULL, NULL, NULL, NULL, NULL, NULL, NULL, NULL, NULL, NULL, NULL, NULL, NULL, NULL, 0, NULL, '$2y$12$06kEQKVdeH568rwJeYmGuu7f.70UcnyBX9WiBmGbk9039EbGHABSK', NULL, '2026-02-28 22:35:22', '2026-02-28 22:35:22'),
	(113, 'delacruzjuan@dcomc.edu.ph', 'Juan Santos Dela Cruz', 'Dela Cruz', 'Juan', 'Santos', 'Male', '2004-12-31', 'manila', 'Single', 'Filipino', '0912 345 6789', 'delacruzjuan@dcomc.edu.ph', 'student', NULL, NULL, 'admin', 1, '1st Year', 'First Semester', '2025-2026', NULL, 'Bachelor of Elementary Education', NULL, 0, 'Enrolled', 'day', 'Regular', NULL, NULL, NULL, NULL, NULL, NULL, 0, 0, 2, 0, NULL, NULL, NULL, NULL, NULL, NULL, NULL, NULL, NULL, NULL, NULL, NULL, NULL, NULL, NULL, NULL, NULL, NULL, NULL, NULL, NULL, NULL, NULL, NULL, NULL, NULL, NULL, 1, NULL, '$2y$12$7ciMybXNa5Sa.BnhnAuPcePhqFqOct92/Je4v7A6zyce4KS3pZ4Ei', NULL, '2026-03-01 18:39:55', '2026-03-03 08:06:14'),
	(114, NULL, 'unifast', NULL, NULL, NULL, NULL, NULL, NULL, NULL, NULL, NULL, 'unifast1@test.dcomc.edu.ph', 'unifast', NULL, NULL, NULL, NULL, NULL, NULL, NULL, NULL, NULL, NULL, NULL, NULL, NULL, NULL, NULL, NULL, NULL, NULL, NULL, NULL, 0, 1, NULL, 0, NULL, NULL, NULL, NULL, NULL, NULL, NULL, NULL, NULL, NULL, NULL, NULL, NULL, NULL, NULL, NULL, NULL, NULL, NULL, NULL, NULL, NULL, NULL, NULL, NULL, NULL, NULL, 0, NULL, '$2y$12$us42.m3sb5i8SRRbvXlLp.XZ4vxjM/x0Ct.8A5ekw9PVASuaL4WPu', NULL, '2026-03-03 04:14:29', '2026-03-03 04:14:29');

/*!40103 SET TIME_ZONE=IFNULL(@OLD_TIME_ZONE, 'system') */;
/*!40101 SET SQL_MODE=IFNULL(@OLD_SQL_MODE, '') */;
/*!40014 SET FOREIGN_KEY_CHECKS=IFNULL(@OLD_FOREIGN_KEY_CHECKS, 1) */;
/*!40101 SET CHARACTER_SET_CLIENT=@OLD_CHARACTER_SET_CLIENT */;
/*!40111 SET SQL_NOTES=IFNULL(@OLD_SQL_NOTES, 1) */;
